Category,Keyword,Web_Page_URL,Tweet_Website,Author_Name,Author_Web_Page_URL,Tweet_Timestamp,Tweet_Content,Tweet_Image_URL,Tweet_Video_URL,Tweet_AD,Tweet_Number_of_Reviews,Tweet_Number_of_Retweets,Tweet_Number_of_Likes,Tweet_Number_of_Looks
TopPost,#israel,https://twitter.com/search?q=#israel&src=typed_query&f=top,https://twitter.com/ahaaew/status/1725107419125039106,????????Reload,https://twitter.com/ahaaew,2023-11-16,"The Zionists released a video showing soldiers entering resistance tunnels, but in fact, this video is from a tourist attraction on the Swedish island of Skeppsholmen#???_????? #Gaza #Israel #??????_?????? #IsraelIsATerrorist #IsraeliTerrorists #IsraelisISIS #IsraeliNewNazism",,https://twitter.com/ahaaew/status/1725107419125039106,False,18,213,287,26K
TopPost,#israel,https://twitter.com/search?q=#israel&src=typed_query&f=top,https://twitter.com/Doumnjk/status/1725178146268303853,SanctumReload,https://twitter.com/Doumnjk,2023-11-16,"This is what happens when you get closer to MRI scan device with metallic object, how come #Israel have found weapons “stand still” behind that thing? #IsraelIsATerrorist",,https://twitter.com/Doumnjk/status/1725178146268303853,False,12,64,91,10K
TopPost,#israel,https://twitter.com/search?q=#israel&src=typed_query&f=top,https://twitter.com/ghadaoueiss/status/1725281745736487090,Ghada Oueiss ???? ????Reload,https://twitter.com/ghadaoueiss,2023-11-16,#Israel 's War On Hospitals,,https://twitter.com/ghadaoueiss/status/1725281745736487090,False,67,2.2K,2.8K,68K
TopPost,#israel,https://twitter.com/search?q=#israel&src=typed_query&f=top,https://twitter.com/QudsNen/status/1725131579784130669,Quds News NetworkReload,https://twitter.com/QudsNen,2023-11-16,The Israeli occupation forces kidnapped and dragged an elderly woman who could barely walk in the #WestBank. #Israel #Gaza,,https://twitter.com/QudsNen/status/1725131579784130669,False,564,10K,8.3K,338K
TopPost,#israel,https://twitter.com/search?q=#israel&src=typed_query&f=top,https://twitter.com/RabbiShmuley/status/1725362848157626585,Rabbi ShmuleyReload,https://twitter.com/RabbiShmuley,2023-11-17,"@mohammedhijabofficial knows how to do there things: hurl personal insults, aggressively interrupt others, and play the victim card. #israel",,https://twitter.com/RabbiShmuley/status/1725362848157626585,False,327,95,386,44K
TopPost,#israel,https://twitter.com/search?q=#israel&src=typed_query&f=top,https://twitter.com/ahaaew/status/1725107419125039106,????????Reload,https://twitter.com/ahaaew,2023-11-16,"The Zionists released a video showing soldiers entering resistance tunnels, but in fact, this video is from a tourist attraction on the Swedish island of Skeppsholmen#???_????? #Gaza #Israel #??????_?????? #IsraelIsATerrorist #IsraeliTerrorists #IsraelisISIS #IsraeliNewNazism",,https://twitter.com/ahaaew/status/1725107419125039106,False,18,214,287,26K
TopPost,#israel,https://twitter.com/search?q=#israel&src=typed_query&f=top,https://twitter.com/ZechariahSharab/status/1725118261723828632,Zechariah Shar'abi | ????? | ?????ReloadRaymond Hakim,https://twitter.com/ZechariahSharab,2023-11-16,"This is not #GazaThis is Homs #Syria, where Assad and Hezbollah have been bombarding civilians non-stopIsn't ironic that much of the anti-#Israel crowd are big fans of Assad?#HamasisISIS",,https://twitter.com/ZechariahSharab/status/1725118261723828632,False,293,3.2K,6.7K,260K
TopPost,#israel,https://twitter.com/search?q=#israel&src=typed_query&f=top,https://twitter.com/abierkhatib/status/1725268365684428921,AbierReload,https://twitter.com/abierkhatib,2023-11-16,"""We will kill as much as we want from you and those who support you. We will slaughter you in ways you never knew before”Just an #Israel TV presenter  expressing “self defense” live Lebanese, take note. This is message is for u too #Israel",,https://twitter.com/abierkhatib/status/1725268365684428921,False,422,5.3K,5.1K,245K
TopPost,#israel,https://twitter.com/search?q=#israel&src=typed_query&f=top,https://twitter.com/JustShortMinds/status/1725220501960999417,???? ???,https://twitter.com/JustShortMinds,2023-11-16,The World Should Unite Against #Israel !  #AngelinaJolie,https://pbs.twimg.com/media/F_E2nnPbQAAy78E?format=jpg&name=small,https://twitter.com/JustShortMinds/status/1725220501960999417,False,28,105,442,17K
TopPost,#israel,https://twitter.com/search?q=#israel&src=typed_query&f=top,https://twitter.com/QudsNen/status/1724935620735205680,Quds News NetworkReload,https://twitter.com/QudsNen,2023-11-15,Having doubt that #Israel is a racist entity? Popular Israeli singer Lior Narkis singing for Israeli soldiers.,,https://twitter.com/QudsNen/status/1724935620735205680,False,500,5.7K,6.4K,589K
TopPost,#israel,https://twitter.com/search?q=#israel&src=typed_query&f=top,https://twitter.com/Franke_schrijft/status/1725037285249306726,Jan FrankeThomas van Linge,https://twitter.com/Franke_schrijft,2023-11-16,CAUTION - I have been to the Al Shifa hospital several times as a reporter during the #Israel #Gaza war in 2014 and also afterwards. It is a vast complex. I have personally seen #Hamas fighters there. Everyone in #Gaza including #UN staff knows about dual use of these facilities.,,https://twitter.com/Franke_schrijft/status/1725037285249306726,False,342,3.3K,9.8K,1.2M
TopPost,#israel,https://twitter.com/search?q=#israel&src=typed_query&f=top,https://twitter.com/EitanChitayat/status/1725147683898220953,Eitan Chitayat,https://twitter.com/EitanChitayat,2023-11-16,Shalom Motherfu**er—#Jewish #Jew #Israel,,https://twitter.com/EitanChitayat/status/1725147683898220953,False,157,695,1.6K,138K
TopPost,#israel,https://twitter.com/search?q=#israel&src=typed_query&f=top,https://twitter.com/QudsNen/status/1725110043639435328,Quds News Network,https://twitter.com/QudsNen,2023-11-16,"Footage published by the IOF, claims it's an alleged hideout in #AlShifaHospital. An interesting observation on the dates made by Zahididates, this particular variety is cultivated in the Coachella Valley, California, United States.#Gaza #Israel",https://pbs.twimg.com/media/F_DSWrOXUAAae3M?format=png&name=360x360;https://pbs.twimg.com/media/F_DSXCtW8AA6kjC?format=jpg&name=small,https://twitter.com/QudsNen/status/1725110043639435328,False,332,6.1K,10K,583K
TopPost,#israel,https://twitter.com/search?q=#israel&src=typed_query&f=top,https://twitter.com/ME_Observer_/status/1724898690987667897,Middle East Observer,https://twitter.com/ME_Observer_,2023-11-15,"#Israel finds backpacks containing weapons, randomly planted in the hospital.No tunnel complex.This is extremely believable, no one can question this complex, historical, surgical military operation of the IDF on the ''headquarters of Hamas""",,https://twitter.com/ME_Observer_/status/1724898690987667897,False,397,1.5K,3.6K,4M
TopPost,#israel,https://twitter.com/search?q=#israel&src=typed_query&f=top,https://twitter.com/bhadrauli/status/1725435646079373778,unblemishReload,https://twitter.com/bhadrauli,2023-11-17,"In #Berlin, the streets echoed with support for #Palestine as Germany refused to stay silent #FreePalestineFromIsrael #IsraelIsATerrorist #Palestine #AlShifaHospital #???_????? #Gaza_War #IsraelAttack #IsraeliNewNazism #SAvsAUS #FreePalestine #Jenin #Gaza #INDvsAUS #Israel",,https://twitter.com/bhadrauli/status/1725435646079373778,False,2,19,35,4K
TopPost,#israel,https://twitter.com/search?q=#israel&src=typed_query&f=top,https://twitter.com/Tigrand/status/1725299033910935681,Tigran A. Avakian - ???? AvagyanReload,https://twitter.com/Tigrand,2023-11-16,"An attack by Israeli extremists on the Armenian quarter, the Armenians repelled the attack despite the numerical superiority of the attackers. Three Armenians between 15 and 17 years old were arrested. #israel #Azerbaijan",,https://twitter.com/Tigrand/status/1725299033910935681,False,24,114,198,14K
TopPost,#israel,https://twitter.com/search?q=#israel&src=typed_query&f=top,https://twitter.com/prabhakar561/status/1724970048169656515,prabhakarReload,https://twitter.com/prabhakar561,2023-11-16,"Karla Vinueza, a public relations & social media strategist in NYC, ripped down posters of Israeli civilians kidnapped by Hamas terrorists. #Hamas_is_ISIS #HamasTerrorist #Israel #Gaza_War #USA #jews",,https://twitter.com/prabhakar561/status/1724970048169656515,False,13,26,69,8.5K
TopPost,#israel,https://twitter.com/search?q=#israel&src=typed_query&f=top,https://twitter.com/TheMuslim786/status/1725363003040968749,The MuslimReload,https://twitter.com/TheMuslim786,2023-11-17,"In the West Bank city of Jenin, Israeli forces stormed the local hospital, forcing out all the doctors and nurses at gunpoint. This happened after literally beating up several paramedics and staff.  #Gaza #IsraelIsATerrorist #Palestine #Israel",,https://twitter.com/TheMuslim786/status/1725363003040968749,False,17,234,202,9.9K
TopPost,#israel,https://twitter.com/search?q=#israel&src=typed_query&f=top,https://twitter.com/abierkhatib/status/1725271281430351981,AbierReload,https://twitter.com/abierkhatib,2023-11-16,"When they are not  busy planting fake evidence in a hospitals, they spend time terrorizing and insulting women  as the most moral army.#Israel",,https://twitter.com/abierkhatib/status/1725271281430351981,False,38,472,555,13K
TopPost,#israel,https://twitter.com/search?q=#israel&src=typed_query&f=top,https://twitter.com/QudsNen/status/1725117759854370826,Quds News Network,https://twitter.com/QudsNen,2023-11-16,A journalist reveals the truth about Israeli control of foreign media in #Gaza. 'We only film what they allow us to film.' #Israel,,https://twitter.com/QudsNen/status/1725117759854370826,False,122,4K,5.1K,161K
TopPost,#israel,https://twitter.com/search?q=#israel&src=typed_query&f=top,https://twitter.com/FionaDiomond/status/1725347907866349634,Fiona,https://twitter.com/FionaDiomond,2023-11-17,F*uk your avocados; we'd prefer to spend extra on Spanish ones.#IsraelIsATerrorist #Israel #Gaza #CeasefireNowInGaza,https://pbs.twimg.com/media/F_GqxnjXIAAqF2A?format=jpg&name=small,https://twitter.com/FionaDiomond/status/1725347907866349634,False,12,34,107,1.8K
TopPost,#israel,https://twitter.com/search?q=#israel&src=typed_query&f=top,https://twitter.com/QudsNen/status/1725153099742957873,Quds News Network,https://twitter.com/QudsNen,2023-11-16,"The representative for the State of Palestine at the UN, to the #US. #Gaza""You don't get to say 'We stand with Palestinian Civilians' unless you stop sending arms to #Israel as it commits genocide"". #Israel",,https://twitter.com/QudsNen/status/1725153099742957873,False,86,2.2K,3.3K,103K
TopPost,#israel,https://twitter.com/search?q=#israel&src=typed_query&f=top,https://twitter.com/MichaelRapaport/status/1725200160072806666,MichaelRapaport,https://twitter.com/MichaelRapaport,2023-11-16,If 10 Black People from America were taken Hostage in Gaza by Hamas the entire world would be on the same page! PERIOD!!!#Israel #Jewish #brittneygriner FREE ALL OF THEM !!!!!,,https://twitter.com/MichaelRapaport/status/1725200160072806666,False,3.9K,3.5K,3.1K,2.9M
TopPost,#israel,https://twitter.com/search?q=#israel&src=typed_query&f=top,https://twitter.com/QudsNen/status/1725117759854370826,Quds News NetworkReload,https://twitter.com/QudsNen,2023-11-16,A journalist reveals the truth about Israeli control of foreign media in #Gaza. 'We only film what they allow us to film.' #Israel,,https://twitter.com/QudsNen/status/1725117759854370826,False,122,4K,5.1K,161K
TopPost,#israel,https://twitter.com/search?q=#israel&src=typed_query&f=top,https://twitter.com/QudsNen/status/1725153099742957873,Quds News NetworkReload,https://twitter.com/QudsNen,2023-11-16,"The representative for the State of Palestine at the UN, to the #US. #Gaza""You don't get to say 'We stand with Palestinian Civilians' unless you stop sending arms to #Israel as it commits genocide"". #Israel",,https://twitter.com/QudsNen/status/1725153099742957873,False,86,2.2K,3.3K,103K
TopPost,#israel,https://twitter.com/search?q=#israel&src=typed_query&f=top,https://twitter.com/MichaelRapaport/status/1725200160072806666,MichaelRapaportReload,https://twitter.com/MichaelRapaport,2023-11-16,If 10 Black People from America were taken Hostage in Gaza by Hamas the entire world would be on the same page! PERIOD!!!#Israel #Jewish #brittneygriner FREE ALL OF THEM !!!!!,,https://twitter.com/MichaelRapaport/status/1725200160072806666,False,3.9K,3.5K,3.1K,2.9M
TopPost,#israel,https://twitter.com/search?q=#israel&src=typed_query&f=top,https://twitter.com/shaani092/status/1725368693054472566,Zeeshan Akram PTIReload,https://twitter.com/shaani092,2023-11-17,"He still tells children to be strong.Israel hated Allah and killed the Prophets in the past, and now they are killing the children of Palestine. #Gaza #Gazagenocide? #israel #hamas",,https://twitter.com/shaani092/status/1725368693054472566,False,11,36,51,9.7K
TopPost,#israel,https://twitter.com/search?q=#israel&src=typed_query&f=top,https://twitter.com/idan_bg/status/1725210938616229918,Era GigmanReload,https://twitter.com/idan_bg,2023-11-16,The women rights activists are absent when it comes to Jewish women. Utter silence. @UNWomenWatch we see your hypocrisy. So watch the horrific acts of terror against Jewish women in #Israel by #Palestine Hamas terrorists.Graphic Warning,,https://twitter.com/idan_bg/status/1725210938616229918,False,9,50,59,5.9K
TopPost,#israel,https://twitter.com/search?q=#israel&src=typed_query&f=top,https://twitter.com/abierkhatib/status/1724998113063031254,AbierReload,https://twitter.com/abierkhatib,2023-11-16,"Man, Zionists are terrifying people Their superiority complex is getting more violent everyday#Israel",,https://twitter.com/abierkhatib/status/1724998113063031254,False,97,578,909,36K
TopPost,#israel,https://twitter.com/search?q=#israel&src=typed_query&f=top,https://twitter.com/ghadaoueiss/status/1725268639379828889,Ghada Oueiss ???? ????Reload???? ??? ????? #???,https://twitter.com/ghadaoueiss,2023-11-16,WARNING:VERY DISTURBING contentyet VERY IMPORTANT to know what #Israel the child killer regime committed!,,https://twitter.com/ghadaoueiss/status/1725268639379828889,False,48,353,359,23K
TopPost,#israel,https://twitter.com/search?q=#israel&src=typed_query&f=top,https://twitter.com/khanars0/status/1725403759822754066,?????????????? !!Reload,https://twitter.com/khanars0,2023-11-17,"Do everything but don't forget the oppression of Palestinians.They are still struggling  Today is Friday , Remember them in your prayers #AlShifaHospital #GazaGenocide #IsraelIsATerrorist #FreePalestineFromIsrael #Israel",,https://twitter.com/khanars0/status/1725403759822754066,False,11,88,116,9.6K
TopPost,#israel,https://twitter.com/search?q=#israel&src=typed_query&f=top,https://twitter.com/100_alpha/status/1725224876389138913,Alpha100Reload,https://twitter.com/100_alpha,2023-11-16,When did #EU leaders lose their Humanity?Was it when:>#Israel cut supplies of food to 2+ MILLION people in #Gaza?>Fuel ran out for INCUBATORS keeping BABIES ALIVE?>Death toll exceeded 11000 inc 5000 CHILDREN?How can EU's despicable response to slaughter in Gaza be explained?,,https://twitter.com/100_alpha/status/1725224876389138913,False,105,968,1K,27K
TopPost,#israel,https://twitter.com/search?q=#israel&src=typed_query&f=top,https://twitter.com/ME_Observer_/status/1725256654965682253,Middle East ObserverReload,https://twitter.com/ME_Observer_,2023-11-16,"Israeli TV presenter Shai Golden threatens #Lebanon, #Iran, Arabs and the world. He's taking pride in the massacres committed by #Israel and promising Lebanon to commit never seen before massacres on civilians , and threatens Americans from intervening to stop their madness.",,https://twitter.com/ME_Observer_/status/1725256654965682253,False,79,453,415,34K
TopPost,#israel,https://twitter.com/search?q=#israel&src=typed_query&f=top,https://twitter.com/nazanin7/status/1725179456677875807,NazaninReload,https://twitter.com/nazanin7,2023-11-16,An elderly gentleman wearing #Israel flag was kicked out of a mosque in Toronto using police force while he wasn't doing anything to bother anyone!This is the true face of #Islam not what you see in mainstream media.Muslims have ZERO tolerance for the slightest diversion from…,,https://twitter.com/nazanin7/status/1725179456677875807,False,21,17,73,8.8K
TopPost,#israel,https://twitter.com/search?q=#israel&src=typed_query&f=top,https://twitter.com/QudsNen/status/1725154812289851556,Quds News Network,https://twitter.com/QudsNen,2023-11-16,"The occupation army takes a photo inside Al-Shifa Hospital in #Gaza as a sign of ""Victory"".The Israeli army was criticized for targeting only civilian targets and was accused of compensating for its minor military achievement in battles by targeting civilians. #Israel",https://pbs.twimg.com/media/F_D67vXXwAAzSjY?format=jpg&name=small,https://twitter.com/QudsNen/status/1725154812289851556,False,449,1.8K,2.6K,126K
TopPost,#israel,https://twitter.com/search?q=#israel&src=typed_query&f=top,https://twitter.com/ghadaoueiss/status/1725183283762282529,Ghada Oueiss ???? ????Reload,https://twitter.com/ghadaoueiss,2023-11-16,#Israel 's arrest of this Palestinian old woman is an outrage to humanity !!,,https://twitter.com/ghadaoueiss/status/1725183283762282529,False,63,667,827,28K
TopPost,#israel,https://twitter.com/search?q=#israel&src=typed_query&f=top,https://twitter.com/HananyaNaftali/status/1724819913938702574,Hananya NaftaliReload,https://twitter.com/HananyaNaftali,2023-11-15,What a beautiful sight. God bless the Israeli Air Force  #Israel,,https://twitter.com/HananyaNaftali/status/1724819913938702574,False,768,928,5.2K,98K
TopPost,#israel,https://twitter.com/search?q=#israel&src=typed_query&f=top,https://twitter.com/abierkhatib/status/1724916464795152645,AbierReload,https://twitter.com/abierkhatib,2023-11-15,Do you wanna see a Jewish woman rip apart a Zionist congressman ? I think she destroyed him forever.. and I love her for it Wow…. #Israel,,https://twitter.com/abierkhatib/status/1724916464795152645,False,389,4.8K,10K,710K
TopPost,#israel,https://twitter.com/search?q=#israel&src=typed_query&f=top,https://twitter.com/news_australian/status/1725428758197510565,Australian News,https://twitter.com/news_australian,2023-11-17,Rumors are circulating that the Israeli government orchestrated or let the October 7th Hamas attack happen as a false flag attack to give Israel the excuse it needs to destroy Gaza once and for all. Do you believe that is possible?#Israel #IsraelHamasWar #Gaza #auspol,https://pbs.twimg.com/media/F_H0T2FaoAAlyty?format=jpg&name=small,https://twitter.com/news_australian/status/1725428758197510565,False,143,41,72,3.4K
TopPost,#israel,https://twitter.com/search?q=#israel&src=typed_query&f=top,https://twitter.com/KimJongwins/status/1725438436054540555,KimJongWinsReload,https://twitter.com/KimJongwins,2023-11-17,The Israeli occupation army forces medical crews to evacuate the emergency department at Ebn Sens hospital in Jenin city at gunpoint. #Israel,,https://twitter.com/KimJongwins/status/1725438436054540555,False,1,1,2,76
TopPost,#israel,https://twitter.com/search?q=#israel&src=typed_query&f=top,https://twitter.com/H74ello5/status/1725336084563771735,????? ???? ??????Reload,https://twitter.com/H74ello5,2023-11-17,"Disgusting scene, an Israeli soldier steals the bicycle of a little Palestinian girl and then throws it in a bush#Israel #Hamas #Palestine #Gaza#IsraelTerrorism #IsraelIsATerrorist#MissUniverse2023#AlShifaHospital #podcastandchill#ViratKohli??#ViratKohli#bbcqt",,https://twitter.com/H74ello5/status/1725336084563771735,False,17,124,123,24K
TopPost,#israel,https://twitter.com/search?q=#israel&src=typed_query&f=top,https://twitter.com/ahaaew/status/1725108617446089080,????????Reload,https://twitter.com/ahaaew,2023-11-16,"The commander of the Zionist army shows one thing, @FoxNews reporter shows another thing in the same scene It is not staged at all ?!!!!! #???_????? #Gaza #??????_?????? #Israel #IsraelIsATerrorist #IsraelIsATerrorist #IsraeliTerrorists #PalestineGenocide",,https://twitter.com/ahaaew/status/1725108617446089080,False,5,66,63,10K
TopPost,#israel,https://twitter.com/search?q=#israel&src=typed_query&f=top,https://twitter.com/BradSherman/status/1724969356373737481,Congressman Brad ShermanMelanie Zanona,https://twitter.com/BradSherman,2023-11-16,"Was just evacuated from the #DNC after pro-terrorist, anti-#Israel protestors grew violent, pepper spraying police officers and attempting to break into the building.Thankful to the police officers who stopped them and for helping me and my colleagues get out safely. (1/2)",,https://twitter.com/BradSherman/status/1724969356373737481,False,4K,2.6K,6.1K,5.1M
TopPost,#israel,https://twitter.com/search?q=#israel&src=typed_query&f=top,https://twitter.com/jebren_/status/1725213098104037499,Jebren ?????Reload,https://twitter.com/jebren_,2023-11-16,This is how it started !#US = #Israel #SameSame #lettertoamerica,,https://twitter.com/jebren_/status/1725213098104037499,False,10,82,116,9.5K
TopPost,#israel,https://twitter.com/search?q=#israel&src=typed_query&f=top,https://twitter.com/skaueller/status/1725144293914882248,Sarah Reload,https://twitter.com/skaueller,2023-11-16,True Story#Palestine #Israel,,https://twitter.com/skaueller/status/1725144293914882248,False,1,48,77,5.7K
TopPost,#israel,https://twitter.com/search?q=#israel&src=typed_query&f=top,https://twitter.com/shaani092/status/1725348495454806270,Zeeshan Akram PTIReload,https://twitter.com/shaani092,2023-11-17,"This Palestinian girl is crying in front of Israeli police to release her 10 year-old brother, Seeing this scene broke my heart #GazaGenocide #Israel #Hamas",,https://twitter.com/shaani092/status/1725348495454806270,False,23,94,94,22K
TopPost,#israel,https://twitter.com/search?q=#israel&src=typed_query&f=top,https://twitter.com/H74ello5/status/1725338113784811520,????? ???? ??????Reload,https://twitter.com/H74ello5,2023-11-17,Israeli occupation soldiers arrest a Palestinian garbage collector while he is doing his work and use him as a human shield during a raid#Israel #Hamas #Palestine #Gaza#IsraelTerrorism #IsraelIsATerrorist#MissUniverse2023#AlShifaHospital #podcastandchill#ViratKohli??,,https://twitter.com/H74ello5/status/1725338113784811520,False,9,17,21,7.5K
TopPost,#israel,https://twitter.com/search?q=#israel&src=typed_query&f=top,https://twitter.com/QudsNen/status/1725130036800266506,Quds News Network,https://twitter.com/QudsNen,2023-11-16,"Director of Al-Shifa: ""The occupation forces kidnapped all the bodies that were in the morgues and in the streets, and we do not know what they will do with them.""#Gaza #Israel",,https://twitter.com/QudsNen/status/1725130036800266506,False,450,8.4K,8.4K,568K
TopPost,#israel,https://twitter.com/search?q=#israel&src=typed_query&f=top,https://twitter.com/ZechariahSharab/status/1724838080018800840,Zechariah Shar'abi | ????? | ?????Reload???? ????? ??? ???,https://twitter.com/ZechariahSharab,2023-11-15,"#Hamas terrorists in #Gaza are surrenderingOn Oct 7th, they were slaughtering and burning families in their sleep, raping, beheading, and kidnappingNow they are captured and standing in honor of #Israel's national anthem#HamasisISIS",,https://twitter.com/ZechariahSharab/status/1724838080018800840,False,166,447,1.3K,69K
TopPost,#israel,https://twitter.com/search?q=#israel&src=typed_query&f=top,https://twitter.com/HananyaNaftali/status/1725288430555242913,Hananya Naftali,https://twitter.com/HananyaNaftali,2023-11-16,"Congresswoman Rashida Tlaib is a member of a secret Facebook group where Hamas terrorists are glorified.This is not freedom of speech, it's freedom to hate. https://foxnews.com/politics/rashida-tlaib-member-secret-facebook-group-where-hamas-terrorists-glorified… #Israel #Hamas",https://pbs.twimg.com/card_img/1724717035970842625/ZfvOcrWG?format=jpg&name=small,https://twitter.com/HananyaNaftali/status/1725288430555242913,False,316,694,1.7K,39K
TopPost,#israel,https://twitter.com/search?q=#israel&src=typed_query&f=top,https://twitter.com/whz_idk/status/1725040387008409657,Free Palestine Reload,https://twitter.com/whz_idk,2023-11-16,They keep embarrassing themselves  ..#AlShifaHospital #IsraelTerrorism #Palestine_Genocide #Israel #CeasefireNowInGaza  #???_?????,,https://twitter.com/whz_idk/status/1725040387008409657,False,39,193,289,48K
TopPost,#israel,https://twitter.com/search?q=#israel&src=typed_query&f=top,https://twitter.com/xxfreespirtxx/status/1725068808623116351,???? ??Reload,https://twitter.com/xxfreespirtxx,2023-11-16,Anyone still doubting they're nuts? Seriously messed up. They're truly mentally ill.#Gaza #FreePalaestine  #AlShifaHospital#Biden #???_????? #Israel #IsraelIsATerrorist,,https://twitter.com/xxfreespirtxx/status/1725068808623116351,False,8,53,31,11K
TopPost,#israel,https://twitter.com/search?q=#israel&src=typed_query&f=top,https://twitter.com/ghadaoueiss/status/1724854772228817074,Ghada Oueiss ???? ????Reload????? ??????,https://twitter.com/ghadaoueiss,2023-11-15,"#Israel 's ""achievement""",,https://twitter.com/ghadaoueiss/status/1724854772228817074,False,67,1.1K,1.3K,35K
TopPost,#israel,https://twitter.com/search?q=#israel&src=typed_query&f=top,https://twitter.com/HananyaNaftali/status/1725288430555242913,Hananya Naftali,https://twitter.com/HananyaNaftali,2023-11-16,"Congresswoman Rashida Tlaib is a member of a secret Facebook group where Hamas terrorists are glorified.This is not freedom of speech, it's freedom to hate. https://foxnews.com/politics/rashida-tlaib-member-secret-facebook-group-where-hamas-terrorists-glorified… #Israel #Hamas",https://pbs.twimg.com/card_img/1724717035970842625/ZfvOcrWG?format=jpg&name=small,https://twitter.com/HananyaNaftali/status/1725288430555242913,False,316,694,696,1.7K
TopPost,#israel,https://twitter.com/search?q=#israel&src=typed_query&f=top,https://twitter.com/Alissa4TheUSA/status/1724827718389260532,???????Reload,https://twitter.com/Alissa4TheUSA,2023-11-15,This Is A Must Watch#TRUMP2024ToSaveAmerica #FJB #Afghanistan #TRUMPWON #eastpalestine #Ukraine #Israel #PresidentTrump #mauifires #Resign #BidenBorderInvasion #Treason,,https://twitter.com/Alissa4TheUSA/status/1724827718389260532,False,54,278,322,46K
TopPost,#israel,https://twitter.com/search?q=#israel&src=typed_query&f=top,https://twitter.com/TheBeenibaby/status/1725017920466489513,thebeenReload,https://twitter.com/TheBeenibaby,2023-11-16,It’s just plain embarrassing at this point… #IsraelIsATerrorist #IsraeliPropaganda #Israeli #israel,,https://twitter.com/TheBeenibaby/status/1725017920466489513,False,3,14,18,3.3K
TopPost,#israel,https://twitter.com/search?q=#israel&src=typed_query&f=top,https://twitter.com/QudsNen/status/1725115507513204756,Quds News NetworkReload,https://twitter.com/QudsNen,2023-11-16,"The Israeli special forces kidnaped freed prisoner Hassan Shaker Balo, in front of his business in Jericho the #WestBank.He got shot in the leg before being taken. #Israel",,https://twitter.com/QudsNen/status/1725115507513204756,False,96,2.7K,2.5K,70K
TopPost,#israel,https://twitter.com/search?q=#israel&src=typed_query&f=top,https://twitter.com/Dr_AsrarCh/status/1725343317247058033,Asrar ChReloadS p r i n t e r,https://twitter.com/Dr_AsrarCh,2023-11-17,Hamas Shared a video of Destroying Tanks of Israel in Streets of Ghaza.#AlShifaHospital  #Gaza#IsraelIsATerrorist #Israel,,https://twitter.com/Dr_AsrarCh/status/1725343317247058033,False,3,15,32,5.9K
TopPost,#israel,https://twitter.com/search?q=#israel&src=typed_query&f=top,https://twitter.com/QudsNen/status/1725135480365134192,Quds News NetworkReload,https://twitter.com/QudsNen,2023-11-16,"Biden repeats the story of ""beheaded babies"", which the #WhiteHouse had retracted, and the Israeli government denied having any information to prove it. #Israel #Gaza",,https://twitter.com/QudsNen/status/1725135480365134192,False,401,1.4K,1.9K,164K
TopPost,#israel,https://twitter.com/search?q=#israel&src=typed_query&f=top,https://twitter.com/QudsNen/status/1725160179350573536,Quds News Network,https://twitter.com/QudsNen,2023-11-16,"Ossama Hamdan: ""The occupation has arrested more than 2,800 Palestinians since the start of the war, bringing the number of prisoners in the occupation prisons to more than 9,000."" #Gaza #WestBank #Israel",https://pbs.twimg.com/media/F_EABSjWwAA9oWo?format=png&name=small,https://twitter.com/QudsNen/status/1725160179350573536,False,88,2.2K,1.9K,64K
TopPost,#israel,https://twitter.com/search?q=#israel&src=typed_query&f=top,https://twitter.com/teameffujoe/status/1725295501329748225,The Older MillennialReload,https://twitter.com/teameffujoe,2023-11-16,I’m waiting for the next CERN Test to get me out of this reality. #Israel #IStandWithIsrael,,https://twitter.com/teameffujoe/status/1725295501329748225,False,47,99,322,10K
TopPost,#israel,https://twitter.com/search?q=#israel&src=typed_query&f=top,https://twitter.com/armeniathegreat/status/1725206605057442184,Armenia The GreatReload,https://twitter.com/armeniathegreat,2023-11-16,As entire world now busy with #Israel and #Palestine again #Armenian issue and genocide gets pushed back or even not mentioned in mainstream media !Justice lovers out there that ripping your behinds for Palestine where you at ? Its called justice for all not just one group !,,https://twitter.com/armeniathegreat/status/1725206605057442184,False,1,16,17,2.8K
TopPost,#israel,https://twitter.com/search?q=#israel&src=typed_query&f=top,https://twitter.com/MenachemV/status/1725411030245994628,Menachem Vorchheimer,https://twitter.com/MenachemV,2023-11-17,"Wonder how many people know that @FranceskAlbs husband is Massimiliano Calì, a former senior employee of the Palestinian Authority?Could this explain her seemingly anti-Israel rhetoric ?#Israel @theage @theheraldsun @australian @ZionistFedAus @aus_jewishnews",https://pbs.twimg.com/media/F_HkLyqbIAA4psK?format=jpg&name=small,https://twitter.com/MenachemV/status/1725411030245994628,False,59,81,140,4.3K
TopPost,#israel,https://twitter.com/search?q=#israel&src=typed_query&f=top,https://twitter.com/shaani092/status/1725287099132178771,Zeeshan Akram PTIReload,https://twitter.com/shaani092,2023-11-16,"Tears came to the doctor's eyes when the Palestinian children said, ""Give us some medicine that won't make us hungry.""#Palestine #israel #StopGenocide",,https://twitter.com/shaani092/status/1725287099132178771,False,6,35,32,7.7K
TopPost,#israel,https://twitter.com/search?q=#israel&src=typed_query&f=top,https://twitter.com/QudsNen/status/1725139358653595983,Quds News NetworkReload,https://twitter.com/QudsNen,2023-11-16,"Red Crescent: ""The video documents shocking moments, thousands of displaced people and dozens of patients leaving Al-Quds Hospital in #Gaza to the south of the Strip on foot."" #Palestine#Israel",,https://twitter.com/QudsNen/status/1725139358653595983,False,93,3.3K,2.7K,102K
TopPost,#israel,https://twitter.com/search?q=#israel&src=typed_query&f=top,https://twitter.com/who_am_i023/status/1725182657716211990,s????Reload,https://twitter.com/who_am_i023,2023-11-16,"I repeat, this did not begin October 7th , but in 1948#Israel is a terrorist State!#????_?????? #????_????_???_??????? #???_?????_???????? #???_????? #IsraelIsATerrorist #???_????? #??????_??????",,https://twitter.com/who_am_i023/status/1725182657716211990,False,11,33,362,5.3K
TopPost,#israel,https://twitter.com/search?q=#israel&src=typed_query&f=top,https://twitter.com/MenachemV/status/1725411030245994628,Menachem Vorchheimer,https://twitter.com/MenachemV,2023-11-17,"Wonder how many people know that @FranceskAlbs husband is Massimiliano Calì, a former senior employee of the Palestinian Authority?Could this explain her seemingly anti-Israel rhetoric ?#Israel @theage @theheraldsun @australian @ZionistFedAus @aus_jewishnews",https://pbs.twimg.com/media/F_HkLyqbIAA4psK?format=jpg&name=small,https://twitter.com/MenachemV/status/1725411030245994628,False,60,81,140,4.3K
TopPost,#israel,https://twitter.com/search?q=#israel&src=typed_query&f=top,https://twitter.com/richo_1973/status/1725330713942405593,Richard™,https://twitter.com/richo_1973,2023-11-17,"Israel stormed the alleged Hamas headquarters under the Al-Shifa which they have used to justify bombing a hospital. They have found 12 guns, 9 grenades, Wally talkies and 3 bulletproof vests.  Most houses in the USA have more weapons than that. #Israel #AlShifaHospital.",,https://twitter.com/richo_1973/status/1725330713942405593,False,39,90,334,6.9K
TopPost,#israel,https://twitter.com/search?q=#israel&src=typed_query&f=top,https://twitter.com/Never_Again_UK_/status/1725260337513898447,Never Again UKReload,https://twitter.com/Never_Again_UK_,2023-11-16,Whilst in #Gaza Why not use an app an order some food  to be delivered from #Israel ?#hamasisISIS.     #BringThemHome,,https://twitter.com/Never_Again_UK_/status/1725260337513898447,False,6,19,67,3.5K
TopPost,#israel,https://twitter.com/search?q=#israel&src=typed_query&f=top,https://twitter.com/hahussain/status/1725274227752792312,Hussain Abdul-Hussain,https://twitter.com/hahussain,2023-11-16,"Hamas Chief Haniyyah: ""We are prepared for a long battle with #Israel... [Hamas] will eject occupation from Gaza, and all of Palestine (from the river to the sea)."" If Hamas wants to fight, why is the world asking Israel for a ceasefire?",,https://twitter.com/hahussain/status/1725274227752792312,False,202,893,3.2K,99K
TopPost,#israel,https://twitter.com/search?q=#israel&src=typed_query&f=top,https://twitter.com/AlanDersh/status/1725183013066080464,Alan DershowitzReload,https://twitter.com/AlanDersh,2023-11-16,Israel never wants to kill a civilian!#law #lawyer #news #trending #trump #biden #shorts #MiddleEastConflict #IsraelPalestineConflict #Israel,,https://twitter.com/AlanDersh/status/1725183013066080464,False,117,64,180,23K
TopPost,#israel,https://twitter.com/search?q=#israel&src=typed_query&f=top,https://twitter.com/Owl051/status/1725069111623893424,"Critical,True & DeepReloadDawnNews",https://twitter.com/Owl051,2023-11-16,"Beware.#Israel hires 2 ugly shameless agents of Pakistani origin, Anila Ali & @_AhmedQuraishi for their nefarious objectives. Anila very shamelessly claimed in pro Israel rally that she represents Pakistani community while her own identity is not known.",,https://twitter.com/Owl051/status/1725069111623893424,False,4,26,27,6.8K
TopPost,#israel,https://twitter.com/search?q=#israel&src=typed_query&f=top,https://twitter.com/DasRgen4/status/1725412689210449976,IgorReloadYaari Cohen,https://twitter.com/DasRgen4,2023-11-17,"Okay, so this is not what you think It’s not a military tunnel under the al-Allahkbar Hospital in #Gaza #PalestineThis is another misinformation attempt by #Israel crusadersThis is just a cave that bears use to hibernate during winter, very common",,https://twitter.com/DasRgen4/status/1725412689210449976,False,8,3,27,2K
TopPost,#israel,https://twitter.com/search?q=#israel&src=typed_query&f=top,https://twitter.com/YehudahPryce/status/1724838621818102049,"Dr. Yehudah Pryce, DSW, MSWReload",https://twitter.com/YehudahPryce,2023-11-15,Am I wrong to think that you may be antisemitic? #Israel #Jews #Jewish #antisemitism #racism #antiracism #peace #bringthemhome #bringthemhomenow #justice #judaism,,https://twitter.com/YehudahPryce/status/1724838621818102049,False,4,9,23,747
TopPost,#israel,https://twitter.com/search?q=#israel&src=typed_query&f=top,https://twitter.com/OnlinePalEng/status/1725083665565192548,PALESTINE ONLINE Reload,https://twitter.com/OnlinePalEng,2023-11-16,Having doubt that #Israel is a racist entity? Popular Israeli singer Lior Narkis singing for Israeli soldiers.,,https://twitter.com/OnlinePalEng/status/1725083665565192548,False,57,541,672,24K
TopPost,#israel,https://twitter.com/search?q=#israel&src=typed_query&f=top,https://twitter.com/USConspiracies1/status/1725314121477001604,USConspiracies,https://twitter.com/USConspiracies1,2023-11-17,The IDF has informed Shani’s mother. they killed one of the terrorists who paraded the bruised and naked body of Shani Louk around Gaza.One down 3 to go. #HamasTerrorist #HamasisISIS #israel #palastine,https://pbs.twimg.com/media/F_GMDMuXYAAQCGg?format=jpg&name=small,https://twitter.com/USConspiracies1/status/1725314121477001604,False,2,7,26,979
TopPost,#israel,https://twitter.com/search?q=#israel&src=typed_query&f=top,https://twitter.com/QudsNen/status/1725128863234089432,Quds News NetworkReload,https://twitter.com/QudsNen,2023-11-16,Journalist Anas Al-Sharif talks about the harsh conditions in the Indonesian Hospital in northern #Gaza.  #Israel,,https://twitter.com/QudsNen/status/1725128863234089432,False,42,2K,1.8K,47K
TopPost,#israel,https://twitter.com/search?q=#israel&src=typed_query&f=top,https://twitter.com/nachal_giyus86/status/1724847537020911702,MOT,https://twitter.com/nachal_giyus86,2023-11-15,What Occupation? It has always been Jewish #Israel #Zionism,https://pbs.twimg.com/media/F-_jma2XoAAC8h4?format=png&name=small,https://twitter.com/nachal_giyus86/status/1724847537020911702,False,73,255,705,12K
TopPost,#israel,https://twitter.com/search?q=#israel&src=typed_query&f=top,https://twitter.com/MichaelRapaport/status/1725173461520097447,MichaelRapaportReload,https://twitter.com/MichaelRapaport,2023-11-16,We’re nice & we’re making lists!!!!#jewish #Israel,,https://twitter.com/MichaelRapaport/status/1725173461520097447,False,2.7K,1K,2.3K,1.2M
TopPost,#israel,https://twitter.com/search?q=#israel&src=typed_query&f=top,https://twitter.com/timepas45446870/status/1725184219142619212,timepassHumza Yousaf,https://twitter.com/timepas45446870,2023-11-16,"Fools forget, there was a #ceasefire on 6/10. #Hamas broke it on 7/10.Why should #Israel agree to a #ceasefire? Just, so that, #Hamas can regroup, rearm and start again?#NoCeasefire",https://pbs.twimg.com/media/F_EV5i6a8AEbGes?format=jpg&name=small;https://pbs.twimg.com/ext_tw_video_thumb/1724825852276252674/pu/img/CHmLLK6KuE8uA7WH?format=jpg&name=120x120,https://twitter.com/timepas45446870/status/1725184219142619212,False,1,10,26,1.3K
TopPost,#israel,https://twitter.com/search?q=#israel&src=typed_query&f=top,https://twitter.com/UmarFacts/status/1725256227951968523,Miss.AyeshaDawnNews,https://twitter.com/UmarFacts,2023-11-16,"Beware.#Israel hires 2 ugly shameless agents of Pakistani origin, Anila Ali & @_AhmedQuraishi for their nefarious objectives. Anila very shamelessly claimed in pro Israel rally that she represents Pakistani community while her own identity is not known.",,https://twitter.com/UmarFacts/status/1725256227951968523,False,3,35,44,5.9K
TopPost,#israel,https://twitter.com/search?q=#israel&src=typed_query&f=top,https://twitter.com/SamarDJarrah/status/1725288512084197455,Samar D JarrahReloadMil-Ruby,https://twitter.com/SamarDJarrah,2023-11-16,In case you wanted to know the story of #Israel   it has been massacring Palestinians for a very long time with the blessings of Western governments.,,https://twitter.com/SamarDJarrah/status/1725288512084197455,False,19,404,389,14K
TopPost,#israel,https://twitter.com/search?q=#israel&src=typed_query&f=top,https://twitter.com/nachal_giyus86/status/1725221488486175185,MOT,https://twitter.com/nachal_giyus86,2023-11-16,Know the truth about Israel and the Jewish right to the land. Jews are indigenous to Israel #Israel #Zionism,https://pbs.twimg.com/media/F_E3rGTWgAArlbw?format=png&name=small,https://twitter.com/nachal_giyus86/status/1725221488486175185,False,11,85,143,3.1K
TopPost,#israel,https://twitter.com/search?q=#israel&src=typed_query&f=top,https://twitter.com/haneefsaeed/status/1725186888255041876,Hanif Saeed Reload,https://twitter.com/haneefsaeed,2023-11-16,The little girl Menna was stuck under the roof of the home which was bombed by Israeli warplanes. Civil defense crews try to calm her down whist trying to rescue her#IsraelTerrorism #???_????? #??????_??????_?????? #AlShifaHospital #Gaza_War #Gaza_Genocide #Israel #???_?????…,,https://twitter.com/haneefsaeed/status/1725186888255041876,False,51,308,347,47K
TopPost,#israel,https://twitter.com/search?q=#israel&src=typed_query&f=top,https://twitter.com/UmarFacts/status/1725256227951968523,Miss.AyeshaReloadDawnNews,https://twitter.com/UmarFacts,2023-11-16,"Beware.#Israel hires 2 ugly shameless agents of Pakistani origin, Anila Ali & @_AhmedQuraishi for their nefarious objectives. Anila very shamelessly claimed in pro Israel rally that she represents Pakistani community while her own identity is not known.",,https://twitter.com/UmarFacts/status/1725256227951968523,False,3,35,44,5.9K
TopPost,#israel,https://twitter.com/search?q=#israel&src=typed_query&f=top,https://twitter.com/ME_Observer_/status/1725134883452829897,Middle East ObserverReload,https://twitter.com/ME_Observer_,2023-11-16,"Emergency situation in the Old City of #Jerusalem this morning:#Israel-i settlers, backed by armed police, are seizing property of the Armenian church as part of an ongoing campaign of dispossession and Judaization",,https://twitter.com/ME_Observer_/status/1725134883452829897,False,46,525,652,40K
TopPost,#israel,https://twitter.com/search?q=#israel&src=typed_query&f=top,https://twitter.com/ForsigeNews/status/1725441499926581555,Forsige Breaking NewsReload,https://twitter.com/ForsigeNews,2023-11-17,"WATCH: Protesters are blocking the #SanFrancisco Bay Bridge, advocating for a ceasefire in the #Israel-Hamas conflict.",,https://twitter.com/ForsigeNews/status/1725441499926581555,False,,1,,
TopPost,#israel,https://twitter.com/search?q=#israel&src=typed_query&f=top,https://twitter.com/lazysamx/status/1725441410130702445,Syed ShayanReload,https://twitter.com/lazysamx,2023-11-17,"""We will kill as much as we want from you and those who support you. We will slaughter you in ways you never knew before”Just an #Israel TV presenter  expressing “self defense” live Lebanese, take note. This is message is for u too #Israel#COLDPLAYinKL #IsraelIsATerrorist…",,https://twitter.com/lazysamx/status/1725441410130702445,False,,,1,
TopPost,#israel,https://twitter.com/search?q=#israel&src=typed_query&f=top,https://twitter.com/KimJongwins/status/1725438878146846985,KimJongWinsReload,https://twitter.com/KimJongwins,2023-11-17,This little girl’s whole family was killed by #Israel. #Gaza,,https://twitter.com/KimJongwins/status/1725438878146846985,False,2,2,7,104
TopPost,#israel,https://twitter.com/search?q=#israel&src=typed_query&f=top,https://twitter.com/JituChaudhary25/status/1725070940290392252,Jitender ChaudharyReload,https://twitter.com/JituChaudhary25,2023-11-16,Big statement by US leader Nikki Haley -  It's not just about Israel-Hamas killed over 30 Americans and still has American hostages.  Finish them off!#Israel #Gaza #Hamas #BringThemHome,,https://twitter.com/JituChaudhary25/status/1725070940290392252,False,20,39,63,90K
TopPost,#israel,https://twitter.com/search?q=#israel&src=typed_query&f=top,https://twitter.com/therealmrbench/status/1725422478946861472,sonofabenchReloadkarasuwich,https://twitter.com/therealmrbench,2023-11-17,There was a ceasefire on Oct 6th.  Hamas terrorists changed that on Oct 7th.Hezbollah says Hamas does not use Hosptial or go around hosptials with their weapons.Pro-Palestine will label this as fake or IDF propaganda. #noCeasefire #Israel,,https://twitter.com/therealmrbench/status/1725422478946861472,False,1,5,13,1.1K
TopPost,#israel,https://twitter.com/search?q=#israel&src=typed_query&f=top,https://twitter.com/ME_Observer_/status/1725253227137143118,Middle East ObserverReload,https://twitter.com/ME_Observer_,2023-11-16,Hezbollah striking with precision in multiple locations #Israel-i ISR equipment along the Lebanese-Palestinian borders,,https://twitter.com/ME_Observer_/status/1725253227137143118,False,8,50,162,11K
TopPost,#israel,https://twitter.com/search?q=#israel&src=typed_query&f=top,https://twitter.com/SamarDJarrah/status/1724888189964616078,Samar D JarrahReload???? ???????,https://twitter.com/SamarDJarrah,2023-11-15,So where is all this #Israel ?  #Shifa,,https://twitter.com/SamarDJarrah/status/1724888189964616078,False,31,151,242,19K
TopPost,#israel,https://twitter.com/search?q=#israel&src=typed_query&f=top,https://twitter.com/SenJoniErnst/status/1725229252780372334,Joni Ernst,https://twitter.com/SenJoniErnst,2023-11-16,The United States will not cave to mob-rule mentality.NO ceasefire.I stand with #Israel.,https://pbs.twimg.com/card_img/1725030061273755649/IhFlha2U?format=jpg&name=small,https://twitter.com/SenJoniErnst/status/1725229252780372334,False,94,179,912,21K
TopPost,#israel,https://twitter.com/search?q=#israel&src=typed_query&f=top,https://twitter.com/lazysamx/status/1725441410130702445,Syed ShayanReload,https://twitter.com/lazysamx,2023-11-17,"""We will kill as much as we want from you and those who support you. We will slaughter you in ways you never knew before”Just an #Israel TV presenter  expressing “self defense” live Lebanese, take note. This is message is for u too #Israel#COLDPLAYinKL #IsraelIsATerrorist…",,https://twitter.com/lazysamx/status/1725441410130702445,False,,1,2,5
TopPost,#israel,https://twitter.com/search?q=#israel&src=typed_query&f=top,https://twitter.com/StandWithUs/status/1725277681325920283,StandWithUs,https://twitter.com/StandWithUs,2023-11-16,"In #Israel, many are secretly superheroes. In a country where Jews, Muslims, Druze, and Christians serve in the @IDF, these heroes could be:A local school teacher serving in the IDF's special forces in reserves.A gardener who is also a high-ranking Intelligence…",https://pbs.twimg.com/media/F_EhUJkXYAAqRqK?format=jpg&name=small,https://twitter.com/StandWithUs/status/1725277681325920283,False,32,137,582,12K
TopPost,#israel,https://twitter.com/search?q=#israel&src=typed_query&f=top,https://twitter.com/StandWithUs/status/1725355830642381100,StandWithUs,https://twitter.com/StandWithUs,2023-11-17,"This is 83-year-old Tamar Yifrah, who survived the #HamasMassacre in Kibbutz Kfar Aza, southern #Israel, on October 7th. She holds up a necklace on which is written the words: #BringThemHomeNow Photo by Chen Schimmel/Flash90",https://pbs.twimg.com/media/F_Eh5yuWcAABn2R?format=jpg&name=small,https://twitter.com/StandWithUs/status/1725355830642381100,False,11,75,317,6.9K
TopPost,#israel,https://twitter.com/search?q=#israel&src=typed_query&f=top,https://twitter.com/Asadspeak1/status/1725350363136413834,AsadSpeakReload,https://twitter.com/Asadspeak1,2023-11-17,Humanity is still live. #Humanity #Gaza #Palestine #IsraelIsATerrorist #Israel  #AlShifaHospital #asadspeak,,https://twitter.com/Asadspeak1/status/1725350363136413834,False,,6,9,702
TopPost,#israel,https://twitter.com/search?q=#israel&src=typed_query&f=top,https://twitter.com/StandWithUs/status/1725011058694185338,StandWithUsReload,https://twitter.com/StandWithUs,2023-11-16,"“Until October 7th, I think my classmates and I had forgotten not only why we love #Israel, but why we need Israel.”WATCH: Columbia University student Noa Fay, a Black Native American #Jewish woman, spoke at the Israel rally in DC on November 14:",,https://twitter.com/StandWithUs/status/1725011058694185338,False,149,915,2.9K,77K
TopPost,#israel,https://twitter.com/search?q=#israel&src=typed_query&f=top,https://twitter.com/QudsNen/status/1724917744347296208,Quds News Network,https://twitter.com/QudsNen,,"#Germany's Bundestag will discuss Friday a draft law  that would make ""commitment to #Israel's right to exist"" a requirement for citizenship.",https://pbs.twimg.com/media/F_AjN_WWIAAwILG?format=jpg&name=small,https://twitter.com/QudsNen/status/1724917744347296208,False,327,2.3K,1.5K,1.4M
TopPost,#israel,https://twitter.com/search?q=#israel&src=typed_query&f=top,https://twitter.com/OmarAlNasser/status/1725067672751161711,??? ???? ?????? ?????????Reload,https://twitter.com/OmarAlNasser,2023-11-16,Does #Israel have the right to self defense? Listen carefully to this 2 minute video #israeliterrorism #israeliwarcrimes #gazagenocide #gazaunderattack #freepalestine #lettertoamerica,,https://twitter.com/OmarAlNasser/status/1725067672751161711,False,4,11,21,2.9K
TopPost,#israel,https://twitter.com/search?q=#israel&src=typed_query&f=top,https://twitter.com/Syed_1109084/status/1725343280832123274,Syed Hasan Imam ZaidiReload,https://twitter.com/Syed_1109084,2023-11-17,"27 hours without electricity in Shomera, settlers say it's “unbelievable that Lebanon has electricity but we don't”#AlShifaHospital #Gaza #IsraelIsATerrorist #Israel #lebanon #Hizbullah",,https://twitter.com/Syed_1109084/status/1725343280832123274,False,1,7,16,838
TopPost,#israel,https://twitter.com/search?q=#israel&src=typed_query&f=top,https://twitter.com/tribulation_19/status/1725157725070336407,God Is Destroying  For Her EvilsReload,https://twitter.com/tribulation_19,2023-11-16,#Gaza #palestine #WestBank #LetterToAmerica #ussliberty  The Day #Israel attacked America #USSLiberty in 1967 Killing 34 wounding 171 crewmen.,,https://twitter.com/tribulation_19/status/1725157725070336407,False,,14,38,4.2K
TopPost,#israel,https://twitter.com/search?q=#israel&src=typed_query&f=top,https://twitter.com/AthiMtongana/status/1725153708168683909,Athi MtonganaReloadReload,https://twitter.com/AthiMtongana,2023-11-16,"[SOUTH AFRICA] The country’s ruling party, the ANC, says it supports the motion by the EFF for the removal of the #Israel embassy in South Africa. The ANC’s Supra Mahumapelo (Chairperson, Portfolio Committee on International Relations) talks about economic sanctions.",,https://twitter.com/AthiMtongana/status/1725153708168683909,False,37,97,223,34K
TopPost,#israel,https://twitter.com/search?q=#israel&src=typed_query&f=top,https://twitter.com/Nature_NeedsUs/status/1725014735446221278,NatureNeedsUsReload,https://twitter.com/Nature_NeedsUs,2023-11-16,Why?Does anyone know?Why #Israel is different,,https://twitter.com/Nature_NeedsUs/status/1725014735446221278,False,1,3,23,1.7K
TopPost,#israel,https://twitter.com/search?q=#israel&src=typed_query&f=top,https://twitter.com/PARVEZK7216843/status/1725333729374257210,PARVEZ KHANReload,https://twitter.com/PARVEZK7216843,2023-11-17,Palestinian bride and groom join a pro-Palestine protest mid-wedding.#GazaGenocide #???????? #Gaza #Israel #KASSAMTUGAYLARI #SONDAK?KA #???_???? #BREAKING #Ebu_Ubeyde #Hamas,,https://twitter.com/PARVEZK7216843/status/1725333729374257210,False,5,9,31,7.1K
TopPost,#israel,https://twitter.com/search?q=#israel&src=typed_query&f=top,https://twitter.com/_NicoleNonya/status/1725376495659385061,#ProudPeasant #Medicareforall #NHS Reload,https://twitter.com/_NicoleNonya,2023-11-17,"If a synagogue or church was destroyed & worshippers SHOT, those responsible would be in prison for a hate crime. Under illegal occupation by #Israel it's happened several times since 1917 by Zionist Jews. Zionists are trying to destroy Al Aqsa Masjid, the 3rd holiest site in…",,https://twitter.com/_NicoleNonya/status/1725376495659385061,False,6,24,39,805
TopPost,#israel,https://twitter.com/search?q=#israel&src=typed_query&f=top,https://twitter.com/QudsNen/status/1724876449042096359,Quds News NetworkReload,https://twitter.com/QudsNen,2023-11-15,#BREAKING| Large protest in #Dublin calling for expelling #Israel's ambassador and sanctioning the occupation state.,,https://twitter.com/QudsNen/status/1724876449042096359,False,51,2.1K,4.7K,131K
TopPost,#israel,https://twitter.com/search?q=#israel&src=typed_query&f=top,https://twitter.com/joyreaper/status/1725159644329345118,JoyreaperAviva Klompas,https://twitter.com/joyreaper,2023-11-16,The #IDF found a laptop that contained photos and videos of hostages taken after their abduction to Gaza. I hope the laptop has helped #Israel to locate exactly where the #hostages  are being held.#IsraelHamasWar Al-Shifa Hospital #Shifa_Hospital #Hamas #Gaza #IsraelGazaWar,,https://twitter.com/joyreaper/status/1725159644329345118,False,5,165,143,10K
TopPost,#israel,https://twitter.com/search?q=#israel&src=typed_query&f=top,https://twitter.com/THOR_X_SAHIL/status/1725397525006532902,??????ReloadAviva Klompas,https://twitter.com/THOR_X_SAHIL,2023-11-17,"More weapons, including grenades and RPGs, found inside the Shifa hospital complex. Or as Hamas calls them, ""medical supplies.""#AlShifaHospital #Gaza #Israel#PalestineGenocide #Hamas#HamasTerrorist #???_????? #FreeGazaFromHamas #wtfock#thursdayvibes",,https://twitter.com/THOR_X_SAHIL/status/1725397525006532902,False,20,15,38,7.5K
TopPost,#israel,https://twitter.com/search?q=#israel&src=typed_query&f=top,https://twitter.com/StandWithUs/status/1725220690242994320,StandWithUsReload,https://twitter.com/StandWithUs,2023-11-16,"“That is why I’m here, and that is why every single one of you are here: to stand up.”WATCH: #Jewish-American singer, dancer, and actress @montanatucker's speech at the November 14th #Israel rally in DC:",,https://twitter.com/StandWithUs/status/1725220690242994320,False,37,194,509,13K
TopPost,#israel,https://twitter.com/search?q=#israel&src=typed_query&f=top,https://twitter.com/worldpoliteco/status/1725422386408050860,World PoliticsReload,https://twitter.com/worldpoliteco,2023-11-17,UN security council asked NetanYahu to stop for humanitarian aid purpose and in return Israel dropped more bomb'sFollow me for updates#Gaza #UN #Israel #IsraelIsATerrorist #???_????? #AlShifaHospital #IsraelIsATerrorist #Gaza_War,,https://twitter.com/worldpoliteco/status/1725422386408050860,False,1,46,35,2.5K
TopPost,#israel,https://twitter.com/search?q=#israel&src=typed_query&f=top,https://twitter.com/GodsChosenGoyim/status/1725175239443660814,God's Chosen Goyim Reload,https://twitter.com/GodsChosenGoyim,2023-11-16,"Candace Owens from 1 year ago:""There's no money that can buy me.""Also ...""I'm not going to play this game with the Jewish community again."" Poor girl is sick and tired. It's all so tiresome.Jewish fatigue is real.#JewishFatigue#Israel",,https://twitter.com/GodsChosenGoyim/status/1725175239443660814,False,4,12,29,4.2K
TopPost,#israel,https://twitter.com/search?q=#israel&src=typed_query&f=top,https://twitter.com/walidfreiha/status/1725177520037740985,Walid Freiha,https://twitter.com/walidfreiha,,"So #Israel and the #IDF are now saying they didn't find ""much"" evidence of Ham@s in Al-Shifa hospital because they somehow took it all away.Apparently the militants shoved the headquarters, the military base, the underground tunnels and the rocket launchers into their backpacks…",https://pbs.twimg.com/media/F_EPp6pWAAA3MLi?format=jpg&name=360x360;https://pbs.twimg.com/media/F_EPp7BW4AAlv_K?format=jpg&name=small;https://pbs.twimg.com/media/F_EPp6tWgAAhxCQ?format=jpg&name=360x360,https://twitter.com/walidfreiha/status/1725177520037740985,False,49,797,1K,115K
TopPost,#israel,https://twitter.com/search?q=#israel&src=typed_query&f=top,https://twitter.com/DrUmarAlQadri/status/1724923456095912286,Shaykh Dr Umar Al-QadriReload,https://twitter.com/DrUmarAlQadri,2023-11-15,The real face of #Israel. The level of abhorrent hate speech is truly overwhelming. It is deeply disturbing to realise that this was condoned by the Israeli police. The normalisation of dehumanizing Palestinians and Arabs in Israel is deeply rooted and behind the ongoing genocide…,,https://twitter.com/DrUmarAlQadri/status/1724923456095912286,False,17,41,53,13K
TopPost,#israel,https://twitter.com/search?q=#israel&src=typed_query&f=top,https://twitter.com/aborealis940/status/1724837986427171169,Aurora Borealis Reload,https://twitter.com/aborealis940,2023-11-15,"In the video, a Muslim woman who lives in #Israel celebrated the #Hamas attack on social media.The police repeat her statement and the decision to deport her back to #Gaza The reaction of a Muslim woman who supports the killing of civilians speaks for itself.",,https://twitter.com/aborealis940/status/1724837986427171169,False,25,182,626,65K
TopPost,#israel,https://twitter.com/search?q=#israel&src=typed_query&f=top,https://twitter.com/UkraineWar2023/status/1725177656381993427,UkraineWarReload,https://twitter.com/UkraineWar2023,2023-11-16,"Tower Hamlet, east London - Children ""demonstrating"" in support of Hamas encouraged by their Islamist ""teachers"". By refusing to go to any school until there is a ceasefire or Israel is wiped off the map. This is not a one-day protest.#israel",,https://twitter.com/UkraineWar2023/status/1725177656381993427,False,3,6,10,2.8K
TopPost,#israel,https://twitter.com/search?q=#israel&src=typed_query&f=top,https://twitter.com/Jesvintalks/status/1725403241549340678,Jesvin George,https://twitter.com/Jesvintalks,2023-11-17,Just do it for the sake of the world#Israel #Gaza #Hamas,https://pbs.twimg.com/media/F_HdFhpaUAAEfGa?format=jpg&name=small,https://twitter.com/Jesvintalks/status/1725403241549340678,False,5,41,137,3.3K
TopPost,#israel,https://twitter.com/search?q=#israel&src=typed_query&f=top,https://twitter.com/islamic_turkey/status/1725174256856633753,Islamic Invitation TurkeyReload,https://twitter.com/islamic_turkey,2023-11-16,Martyrs of Aqsa from Hezbollah#palestine #gaza #hezbollah #lebanon #nasrallah #funeral #martyr #aqsa #israel,,https://twitter.com/islamic_turkey/status/1725174256856633753,False,3,13,24,1.7K
TopPost,#israel,https://twitter.com/search?q=#israel&src=typed_query&f=top,https://twitter.com/IncMonocle/status/1725204732149432787,Inc.MonocleReload,https://twitter.com/IncMonocle,2023-11-16,Pro Palestinian groups gather outside Tower Hamlets Labour HQ after MP @rushanaraali didn’t vote in favour of a ceasefire re the Israel/Gaza/Hamas conflict #israel #palestine,,https://twitter.com/IncMonocle/status/1725204732149432787,False,276,350,507,625K
TopPost,#israel,https://twitter.com/search?q=#israel&src=typed_query&f=top,https://twitter.com/Gimpel_theJew/status/1724898188254126249,GimpelTheZionistReload,https://twitter.com/Gimpel_theJew,2023-11-15,"“And in the left corner, weighing in at 80Kg’s is #Hamas, and in the right corner, weighing in at 75kg’s is #Israel - and away they go.",,https://twitter.com/Gimpel_theJew/status/1724898188254126249,False,2,3,17,3.6K
TopPost,#israel,https://twitter.com/search?q=#israel&src=typed_query&f=top,https://twitter.com/daejah/status/1724847056647582207,whoReload,https://twitter.com/daejah,2023-11-15,#Israel are going after the young #black community - especially in the #USA.The young black generation threatens them because they're influential. You are a problem for Israel.#BlackTwitter #IsraeliHegemony,,https://twitter.com/daejah/status/1724847056647582207,False,3,6,17,1.7K
TopPost,#israel,https://twitter.com/search?q=#israel&src=typed_query&f=top,https://twitter.com/IncMonocle/status/1724843061832790261,Inc.MonocleReload,https://twitter.com/IncMonocle,2023-11-15,Police can’t prevent protestors shutting down the main road past Parliament Westminster #israel #palestine,,https://twitter.com/IncMonocle/status/1724843061832790261,False,290,607,930,228K
TopPost,#israel,https://twitter.com/search?q=#israel&src=typed_query&f=top,https://twitter.com/QudsNen/status/1725107051041358214,Quds News Network,https://twitter.com/QudsNen,2023-11-16,"The martyrdom of Wateen Munir Abu Gemayzeh marks the painful end of the entire family lineage following the earlier martyrdom of her father, Munir Abu Gemayzeh. Their family name now echoes among those erased from the civil registry. #Gaza #Israel",https://pbs.twimg.com/media/F_DPtaVXkAAHvia?format=jpg&name=small,https://twitter.com/QudsNen/status/1725107051041358214,False,52,2.1K,2.8K,94K
TopPost,#israel,https://twitter.com/search?q=#israel&src=typed_query&f=top,https://twitter.com/DevanaUkraine/status/1725143936480493581,Devana Reload,https://twitter.com/DevanaUkraine,2023-11-16,Ukraine is one of the countries with the largest number of Jews in the world. Ukraine is the only country in the world where 70% of the population elected a Jewish president :)#Israel,,https://twitter.com/DevanaUkraine/status/1725143936480493581,False,3,15,46,1K
TopPost,#israel,https://twitter.com/search?q=#israel&src=typed_query&f=top,https://twitter.com/CIJAinfo/status/1725252521411911934,CIJA,https://twitter.com/CIJAinfo,2023-11-16,It’s NEVER ok to use a Nazi swastika.Putting it alongside a Star of David & asking people to “spot the difference” is a whole other level of antisemitic hatred. This was spotted at a *high school* “anti-#Israel” rally in the #Ottawa area earlier today. #Antisemitism #cdnpoli,https://pbs.twimg.com/media/F_FUBiPWcAIhbig?format=jpg&name=small,https://twitter.com/CIJAinfo/status/1725252521411911934,False,74,99,213,14K
TopPost,#israel,https://twitter.com/search?q=#israel&src=typed_query&f=top,https://twitter.com/cheguwera/status/1725139693656743945,War ReportsReload,https://twitter.com/cheguwera,2023-11-16,Sensitive contentGazan man says goodbye to his father who was martyred after being beaten by Israeli forces on the road to the South#Gaza #palestine #israel,,https://twitter.com/cheguwera/status/1725139693656743945,False,1,98,137,4.6K
TopPost,#israel,https://twitter.com/search?q=#israel&src=typed_query&f=top,https://twitter.com/Himat75/status/1725374859625005463,ZeitungReload,https://twitter.com/Himat75,2023-11-17,"The moment #palestinian resistance forces blown up #Israel army vehicle at the entrance to the town of Silat al-Harithiya, west of #Jenin.#Gaza",,https://twitter.com/Himat75/status/1725374859625005463,False,3,26,89,3.2K
TopPost,#israel,https://twitter.com/search?q=#israel&src=typed_query&f=top,https://twitter.com/doamuslims/status/1725229666611404982,DOAMReload,https://twitter.com/doamuslims,2023-11-16,"Horrific! Israeli occupation forces detain an elderly Palestinian woman in Hebron, Occupied West Bank.An Israeli soldier is seen pulling her along as she’s unable to walk and putting her back into an Israeli armed vehicle. #Palestine #Gaza #Israel",,https://twitter.com/doamuslims/status/1725229666611404982,False,15,361,328,12K
TopPost,#israel,https://twitter.com/search?q=#israel&src=typed_query&f=top,https://twitter.com/DmodosCutter/status/1725138345427075385,Daniella Modos - Cutter -SENReload,https://twitter.com/DmodosCutter,2023-11-16,The Israeli occupation forces kidnapped and dragged an elderly woman who could barely walk in the #WestBank.#EndTheOccupation  #Israel #Gaza,,https://twitter.com/DmodosCutter/status/1725138345427075385,False,126,880,899,59K
TopPost,#israel,https://twitter.com/search?q=#israel&src=typed_query&f=top,https://twitter.com/sparkle0100/status/1725403444360388644,Sparkle,https://twitter.com/sparkle0100,2023-11-17,"RECAP #Israel #Palestine (as of 06:30 GMT, 17 November)1. Israeli forces withdrew from the occupied West Bank city of Jenin on Friday morning, after launching an intense overnight raid that killed at least three Palestinians and wounded nine others, according to several…",,https://twitter.com/sparkle0100/status/1725403444360388644,False,10,332,37,29K
TopPost,#israel,https://twitter.com/search?q=#israel&src=typed_query&f=top,https://twitter.com/FaizaStories/status/1725246662871015799,Faiza AnumReload????,https://twitter.com/FaizaStories,2023-11-16,How can you stay quiet and not say a word? How can you watch this as a human without feeling your heart burning to the core? #Gaza #Palestine #Hezbollah #???_?????_?????? #???_????? #???_????? #???_???? #Israel #FreePalestineNow #CeasefireNOW,,https://twitter.com/FaizaStories/status/1725246662871015799,False,17,90,96,56K
TopPost,#israel,https://twitter.com/search?q=#israel&src=typed_query&f=top,https://twitter.com/doamuslims/status/1725229666611404982,DOAMReload,https://twitter.com/doamuslims,2023-11-16,"Horrific! Israeli occupation forces detain an elderly Palestinian woman in Hebron, Occupied West Bank.An Israeli soldier is seen pulling her along as she’s unable to walk and putting her back into an Israeli armed vehicle. #Palestine #Gaza #Israel",,https://twitter.com/doamuslims/status/1725229666611404982,False,15,361,329,12K
TopPost,#israel,https://twitter.com/search?q=#israel&src=typed_query&f=top,https://twitter.com/H74ello5/status/1725339492683288837,????? ???? ??????Reload,https://twitter.com/H74ello5,2023-11-17,Settlers supported by the Israeli occupation police storm the Christian neighborhood and ask them to leave after obtaining permission from an Israeli court to confiscate their lands#Israel #Hamas #Palestine #Gaza#IsraelTerrorism #IsraelIsATerrorist#AlShifaHospital #bbcqt,,https://twitter.com/H74ello5/status/1725339492683288837,False,5,21,15,3.5K
TopPost,#israel,https://twitter.com/search?q=#israel&src=typed_query&f=top,https://twitter.com/VictorNakba/status/1725322255591174502,Nakba,https://twitter.com/VictorNakba,2023-11-17,"Saraya Al-Quds Badr-3 rockets recovered by #Israel and taken back into Israel. Innocent Palestinian lives are being saved. How is your #CeasefireNOW going, looser?",https://pbs.twimg.com/media/F_GTcqJWUAAYvJd?format=jpg&name=small,https://twitter.com/VictorNakba/status/1725322255591174502,False,4,12,34,972
TopPost,#israel,https://twitter.com/search?q=#israel&src=typed_query&f=top,https://twitter.com/ejmalrai/status/1725058782248518099,Elijah J. Magnier Lord Bebo,https://twitter.com/ejmalrai,2023-11-16,"Al-Shifa Hospital director confirmed #Israel Occupation Forces delivered no supply to the patients or the hospital's staff. On the contrary, they have blocked access to the Hospital's pharmacy, preventing access to medicine to chronic patients & wounded.",https://pbs.twimg.com/media/F_AgG5DXcAA67nM?format=jpg&name=360x360;https://pbs.twimg.com/media/F_AgG5BWIAA1n5i?format=jpg&name=360x360,https://twitter.com/ejmalrai/status/1725058782248518099,False,25,968,1.2K,47K
TopPost,#israel,https://twitter.com/search?q=#israel&src=typed_query&f=top,https://twitter.com/MarshSongs/status/1725253532574789661,MarshFamilySongsReload,https://twitter.com/MarshSongs,2023-11-16,"Here's the 4th song in our @SuellaBraverman  #Wellerman  trilogy in response to demand. If it gives you a laugh, feel free to share. But  also check out the more important song we made on #RemembranceSunday about #Israel & #Gaza that we're proud of: https://youtu.be/tLnYlnn1js8",,https://twitter.com/MarshSongs/status/1725253532574789661,False,153,1K,2.7K,246K
TopPost,#israel,https://twitter.com/search?q=#israel&src=typed_query&f=top,https://twitter.com/MemoTanriverdi/status/1725175815351001455,Mehmet Tanriverdi Reload,https://twitter.com/MemoTanriverdi,2023-11-16,Thank you Mr. @netanyahu #israel #kurdistan #turkey,,https://twitter.com/MemoTanriverdi/status/1725175815351001455,False,5,13,58,4.2K
TopPost,#israel,https://twitter.com/search?q=#israel&src=typed_query&f=top,https://twitter.com/faizal_mammar/status/1725361049023529117,Faizal MammarReload,https://twitter.com/faizal_mammar,2023-11-17,"""We will kill as much as we want from you and those who support you. We will slaughter you in ways you never knew before” — Israeli TV presenter sends a message to the Arab world#Israel #Gaza",,https://twitter.com/faizal_mammar/status/1725361049023529117,False,4,9,4,1.4K
TopPost,#israel,https://twitter.com/search?q=#israel&src=typed_query&f=top,https://twitter.com/OnlinePalEng/status/1725081800030961762,PALESTINE ONLINE Reload,https://twitter.com/OnlinePalEng,2023-11-16,"Following pressure public pressure, #Canadian PM Justin Trudeau says #Israel should ""exercise maximum restraint"" in #Gaza because ""the world is watching"".",,https://twitter.com/OnlinePalEng/status/1725081800030961762,False,99,325,496,34K
TopPost,#israel,https://twitter.com/search?q=#israel&src=typed_query&f=top,https://twitter.com/SheikhNabeel786/status/1725037729984270517,Sheikh NabeelReload,https://twitter.com/SheikhNabeel786,2023-11-16,Pakistan should immediately revoke Anila Ali's Pakistani citizenship.Anila Ali gave a shameful speech at a rally in support of Israel in Washington yesterday. #savegazacampaign #Palestine #Gaza #AlShifaHospital #Israel #IsraelTerrorism #???_?????,,https://twitter.com/SheikhNabeel786/status/1725037729984270517,False,36,109,93,13K
TopPost,#israel,https://twitter.com/search?q=#israel&src=typed_query&f=top,https://twitter.com/AdalwolfNew/status/1725402551028195776,AdalwolfReload,https://twitter.com/AdalwolfNew,2023-11-17,Harry truman on land grabbing for the jew#Israel,,https://twitter.com/AdalwolfNew/status/1725402551028195776,False,2,5,11,1.1K
TopPost,#israel,https://twitter.com/search?q=#israel&src=typed_query&f=top,https://twitter.com/Mahmood88239370/status/1725435260501110913,Mahmood KhanReload,https://twitter.com/Mahmood88239370,2023-11-17,#Hezbollah #Houthis #Hamas #Israel #war  IDF bomb attack on Hezbollah military targets,,https://twitter.com/Mahmood88239370/status/1725435260501110913,False,,4,4,574
TopPost,#israel,https://twitter.com/search?q=#israel&src=typed_query&f=top,https://twitter.com/MrChairmanGB/status/1725254943001702408,CInc.MonocleReload,https://twitter.com/MrChairmanGB,2023-11-16,"""you can get the fuck out of my cab....OUT....anti-Semites out""London Cabbie throws out anti-Semitic passenger following hate-filled anti-Israel rant  Our Black Cabbies are the best in the world#London  #Israel",,https://twitter.com/MrChairmanGB/status/1725254943001702408,False,3,24,93,2.7K
TopPost,#israel,https://twitter.com/search?q=#israel&src=typed_query&f=top,https://twitter.com/MenachemV/status/1725362224007725250,Menachem VorchheimerReloadZionist Federation of Australia,https://twitter.com/MenachemV,2023-11-17,"Canberra, Parliament House, Australia - @SenatorMcGrath a man of humanity & decencyHe read the name of each of the 200+ hostages held by Hamas terrorists in Gaza so that their plight is recorded in Hansard for perpetuity #Israel#BringThemHomeNow",,https://twitter.com/MenachemV/status/1725362224007725250,False,35,72,218,9.2K
TopPost,#israel,https://twitter.com/search?q=#israel&src=typed_query&f=top,https://twitter.com/OnlinePalEng/status/1725081800030961762,PALESTINE ONLINE Reload,https://twitter.com/OnlinePalEng,2023-11-16,"Following pressure public pressure, #Canadian PM Justin Trudeau says #Israel should ""exercise maximum restraint"" in #Gaza because ""the world is watching"".",,https://twitter.com/OnlinePalEng/status/1725081800030961762,False,100,325,496,34K
TopPost,#israel,https://twitter.com/search?q=#israel&src=typed_query&f=top,https://twitter.com/HealthRanger/status/1724933685445583020,HealthRanger,https://twitter.com/HealthRanger,2023-11-15,"The three shocking, disturbing contradictions of RFK, Jr.:1) He believes in protecting children from #vaccines but not from BOMBS.2) He believes in free speech for vaccine critics, but not for #Israel critics.3) He supports Israel to protect access to oil in the Middle East,…",,https://twitter.com/HealthRanger/status/1724933685445583020,False,46,77,231,7.1K
TopPost,#israel,https://twitter.com/search?q=#israel&src=typed_query&f=top,https://twitter.com/QudsNen/status/1724847726968365441,Quds News NetworkReload,https://twitter.com/QudsNen,2023-11-15,"Following pressure public pressure, #Canadian PM Justin Trudeau says #Israel should ""exercise maximum restraint"" in #Gaza because ""the world is watching"".",,https://twitter.com/QudsNen/status/1724847726968365441,False,250,741,1.1K,97K
TopPost,#israel,https://twitter.com/search?q=#israel&src=typed_query&f=top,https://twitter.com/matincantweet/status/1725384214298714600,Matin KhanReload,https://twitter.com/matincantweet,2023-11-17,The shaking body will be remembered for decades. #AlShifaHospital #IsraelTerrorism #Gaza #Israel #IsraelIsATerrorist #Gaza_War #FreePalestineFromIsrael #FreePalestine.,,https://twitter.com/matincantweet/status/1725384214298714600,False,9,31,54,8.7K
TopPost,#israel,https://twitter.com/search?q=#israel&src=typed_query&f=top,https://twitter.com/BSCKingno1/status/1725350218361651571,BZReload,https://twitter.com/BSCKingno1,2023-11-17,"Hamas Must Be Dismantled! Norman Finkelstein on Western double standards, Hamas and Israel.#Israel#Gaza",,https://twitter.com/BSCKingno1/status/1725350218361651571,False,2,9,14,2.4K
TopPost,#israel,https://twitter.com/search?q=#israel&src=typed_query&f=top,https://twitter.com/Jerusalem_Post/status/1725431250029031457,The Jerusalem Post,https://twitter.com/Jerusalem_Post,2023-11-17,"The nearly 300,000 Americans who rallied for Israel in Washington last week give us renewed strength and hope for unity as a country and a people - opinionby Michael Eglash#AmericanJews #Israel #OperationSwordsofIron #Jewishunity",https://pbs.twimg.com/card_img/1725430630618365952/TMxnMzrQ?format=jpg&name=small,https://twitter.com/Jerusalem_Post/status/1725431250029031457,False,20,26,77,3.7K
TopPost,#israel,https://twitter.com/search?q=#israel&src=typed_query&f=top,https://twitter.com/QudsNen/status/1725115165719335354,Quds News NetworkReload,https://twitter.com/QudsNen,2023-11-16,"Dr. Mads Gilbert: ""Israel systematically attacks and destroys Palestinian Healthcare in Gaza and the West Bank.""#Gaza #Israel",,https://twitter.com/QudsNen/status/1725115165719335354,False,32,810,988,31K
TopPost,#israel,https://twitter.com/search?q=#israel&src=typed_query&f=top,https://twitter.com/AthenaMia2nd/status/1724999123500138637,@PalasAtenea(2)Reload,https://twitter.com/AthenaMia2nd,2023-11-16,"""Who is under the silicone mask of #Israel Defense Minister Yoav Galant?""",,https://twitter.com/AthenaMia2nd/status/1724999123500138637,False,3,5,9,490
TopPost,#israel,https://twitter.com/search?q=#israel&src=typed_query&f=top,https://twitter.com/RozRothstein/status/1725225678868791329,Roz Rothstein,https://twitter.com/RozRothstein,2023-11-16,"People need to understand that this chant is “code,” calling for the murder of Jews and the destruction of #Israel. It should also be clear that it is antisemitic because it targets the only Jewish country on the planet. 50% of the worlds Jews live there. Get it?",https://pbs.twimg.com/media/F_E7m6JaEAAYdqU?format=jpg&name=small,https://twitter.com/RozRothstein/status/1725225678868791329,False,21,81,187,3.1K
TopPost,#israel,https://twitter.com/search?q=#israel&src=typed_query&f=top,https://twitter.com/zahra_tweets09/status/1725338999500239292,Zahra ????ReloadMencho,https://twitter.com/zahra_tweets09,2023-11-17,"""Why did the U.S invade Iraq? Was Bin Laden Iraqi?""  Mohammed Qadafi : Arab League Summit 2008#Laden #lettertoamerica#OsamaBinLaden #Osama#BinLaden #Palestina#Gaza #Israel",,https://twitter.com/zahra_tweets09/status/1725338999500239292,False,10,48,105,16K
TopPost,#israel,https://twitter.com/search?q=#israel&src=typed_query&f=top,https://twitter.com/ExploringAlway/status/1725257130364883028,Outspoken.,https://twitter.com/ExploringAlway,2023-11-16,Found during an initial search of Al Quds Hospital. Gaza doesn't really have hospitals as you might think of them in the West.Care to comment Pro-Palestine hypocrites.#bbcqt #Gaza #Israel,https://pbs.twimg.com/media/F_FYNxMWUAAfRNL?format=jpg&name=small;https://pbs.twimg.com/media/F_FYN6QXYAAa1MG?format=jpg&name=small,https://twitter.com/ExploringAlway/status/1725257130364883028,False,6,9,21,1.8K
TopPost,#israel,https://twitter.com/search?q=#israel&src=typed_query&f=top,https://twitter.com/abierkhatib/status/1725362894361985067,AbierAJ+Reload,https://twitter.com/abierkhatib,2023-11-17,"41 days days into the genocide in #Gaza and no hostages released, not a single senior Hamas commander killed or arrested, just bombing killing children and destroying  hospitals, schools, universities, churches and mosques.#Israel",,https://twitter.com/abierkhatib/status/1725362894361985067,False,15,229,286,13K
TopPost,#israel,https://twitter.com/search?q=#israel&src=typed_query&f=top,https://twitter.com/CptAllenHistory/status/1725293593177227744,Captain AllenWorld of Statistics,https://twitter.com/CptAllenHistory,2023-11-16,"Israel sucks at “#genocide,” huh?It’s so offensive because the word “genocide” had to be created to try to describe the #Nazis’ unprecedented industrial extermination of the #Jews.I’ll post soon about the real legal definition of genocide.#Education #Israel #Palestine",,https://twitter.com/CptAllenHistory/status/1725293593177227744,False,16,36,154,7.9K
TopPost,#israel,https://twitter.com/search?q=#israel&src=typed_query&f=top,https://twitter.com/abierkhatib/status/1724913534625071578,AbierReload,https://twitter.com/abierkhatib,2023-11-15,They keep embarrassing themselves  ..#Israel,,https://twitter.com/abierkhatib/status/1724913534625071578,False,105,2.3K,4K,110K
TopPost,#israel,https://twitter.com/search?q=#israel&src=typed_query&f=top,https://twitter.com/ViralNewsNYC/status/1724968003798708618,Viral News NYCReload#StopCopCity,https://twitter.com/ViralNewsNYC,,Pro hamas and Anarchist riot outside the DNC headquarters in Washington DC #HamasTerrorist #Israel #HappeningNow,,https://twitter.com/ViralNewsNYC/status/1724968003798708618,False,80,146,289,33K
TopPost,#israel,https://twitter.com/search?q=#israel&src=typed_query&f=top,https://twitter.com/GabeFin/status/1725212229887259054,GabeFin -,https://twitter.com/GabeFin,2023-11-16,"There's more damage in a #Mica home in #Donegal, built by a @fiannafailparty cowboy builder, than in a house in #Israel with poorly finished electrical remodelling work.@MichealMartinTD should tour Donegal to see real house damages. Or he could visit #GazaConcentrationCamp.",https://pbs.twimg.com/media/F_EvXjIXIAAX8MD?format=jpg&name=360x360;https://pbs.twimg.com/media/F_EvYZAXcAA1Ard?format=jpg&name=360x360,https://twitter.com/GabeFin/status/1725212229887259054,False,4,86,245,7.9K
TopPost,#israel,https://twitter.com/search?q=#israel&src=typed_query&f=top,https://twitter.com/Greenpower786/status/1724944537225732514,??????????????Reload,https://twitter.com/Greenpower786,2023-11-16,A march by Anti Zionist Jews in Washington in support of Palestine.#AlShifaHospital #IsraelTerrorism #Palestine_Genocide #Gaza_Genocide #Palestine_Genocide #Israel #IsraelIsATerrorist #ViratKohli?? #RohitSharma?? #BabarAzam #ColdplayInJakarta #anushkasharma #???_?????,,https://twitter.com/Greenpower786/status/1724944537225732514,False,19,179,367,42K
TopPost,#israel,https://twitter.com/search?q=#israel&src=typed_query&f=top,https://twitter.com/Shahwaiz1572009/status/1725190198940799486,Shahwaiz ArainReloadThe Fact Finder,https://twitter.com/Shahwaiz1572009,2023-11-16,Many health conditions are in the Indonesian hospital as it’s busy and crowded with dozens of injuries following the break down of the health system and the closing of most of the hospitals in Gaza#???_????? #AlShifaHospital #Gaza #Israel,,https://twitter.com/Shahwaiz1572009/status/1725190198940799486,False,12,95,98,13K
TopPost,#israel,https://twitter.com/search?q=#israel&src=typed_query&f=top,https://twitter.com/BrunellaCapitan/status/1725400543672086712,Brunella C.,https://twitter.com/BrunellaCapitan,,"I don’t recall #Nazi dancing or celebrating, neither drinking and eating with their families in front of the gas chambers?! #Israel took the DEHUMANIZATION of people in a higher SATANIC level, with all the fake “penetrated” world leaders who are just watching or worse…",https://pbs.twimg.com/media/F_HZ1PxWIAAspRN?format=jpg&name=small,https://twitter.com/BrunellaCapitan/status/1725400543672086712,False,1,11,23,834
TopPost,#israel,https://twitter.com/search?q=#israel&src=typed_query&f=top,https://twitter.com/100_alpha/status/1724863698345365930,Alpha100Reload,https://twitter.com/100_alpha,2023-11-15,"#Israel has 1000s of cameras pointed at #Palestinians with AUTONOMOUS WEAPONS loaded & ready to SHOOT someone based on video footage.What Israel is doing is a MASSACRE, GENOCIDE, HUMILIATION & DEHUMANISATION of Palestinians.If U were OCCUPIED would U not FIGHT for your DIGNITY?",,https://twitter.com/100_alpha/status/1724863698345365930,False,27,270,228,6.3K
TopPost,#israel,https://twitter.com/search?q=#israel&src=typed_query&f=top,https://twitter.com/PARVEZK7216843/status/1725298245088494024,PARVEZ KHANReload,https://twitter.com/PARVEZK7216843,2023-11-16,. Horrific scenes from the Indonesian Hospital in northern Gaza #GazaGenocide #???????? #Gaza #Israel #KASSAMTUGAYLARI #SONDAK?KA #???_???? #BREAKING #Ebu_Ubeyde #Hamas,,https://twitter.com/PARVEZK7216843/status/1725298245088494024,False,8,14,24,7.1K
TopPost,#israel,https://twitter.com/search?q=#israel&src=typed_query&f=top,https://twitter.com/abierkhatib/status/1725066946209587654,AbierReload,https://twitter.com/abierkhatib,2023-11-16,"Well said buddy,, well said Americans speaking against Israeli crimes is a therapy to my broken soul #Israel",,https://twitter.com/abierkhatib/status/1725066946209587654,False,22,484,765,14K
TopPost,#israel,https://twitter.com/search?q=#israel&src=typed_query&f=top,https://twitter.com/drhossamsamy65/status/1725131381716480403,"Dr.Sam Youssef Ph.D.,M.Sc.,DPT.ReloadQuds News Network",https://twitter.com/drhossamsamy65,2023-11-16,"The Israeli special forces kidnaped freed prisoner Hassan Shaker Balo, in front of his business in Jericho the #WestBank.He got shot in the leg before being taken. #Israel",,https://twitter.com/drhossamsamy65/status/1725131381716480403,False,24,318,422,34K
TopPost,#israel,https://twitter.com/search?q=#israel&src=typed_query&f=top,https://twitter.com/AdamWalkerGB/status/1725308279578935315,????????ReloadMTA News,https://twitter.com/AdamWalkerGB,2023-11-17,Never Again. #voicesforpeace #Palestine #Israel,,https://twitter.com/AdamWalkerGB/status/1725308279578935315,False,2,40,58,4.4K
TopPost,#israel,https://twitter.com/search?q=#israel&src=typed_query&f=top,https://twitter.com/0xT01/status/1725359157673377862,Tobi,https://twitter.com/0xT01,2023-11-17,It's not a rumor. It is common knowledge.#911Truth #Israel #OsamaBinLaden #OsamaBinLadenLetter,https://pbs.twimg.com/media/F_G0L3EXcAEaeXm?format=jpg&name=small,https://twitter.com/0xT01/status/1725359157673377862,False,5,16,44,6.5K
TopPost,#israel,https://twitter.com/search?q=#israel&src=typed_query&f=top,https://twitter.com/amjadt25/status/1724967796243562546,Amjad Taha ???? ??Reload,https://twitter.com/amjadt25,2023-11-16,"First war crime is being committed by #Hamas by having their headquarters, their military, under a hospital. And that's a fact.President Biden @POTUS #Israel #Gaza",,https://twitter.com/amjadt25/status/1724967796243562546,False,96,695,1.1K,69K
TopPost,#israel,https://twitter.com/search?q=#israel&src=typed_query&f=top,https://twitter.com/msajjadamad/status/1725397346215690331,Sajjad Ahmad {Doctor}Reload,https://twitter.com/msajjadamad,2023-11-17,See what #Israel found in #Gaza hospital,,https://twitter.com/msajjadamad/status/1725397346215690331,False,4,13,30,2.3K
TopPost,#israel,https://twitter.com/search?q=#israel&src=typed_query&f=top,https://twitter.com/hamidashraf1/status/1725149522743918949,Hamid AshrafReload,https://twitter.com/hamidashraf1,2023-11-16,"This is the strongest proof that Israel is not a nation and even state. #Israel is an extension of the US imperialism in West Asia, a gigantic garrison, and a huge navy fleet for the US endless wars and domination. #IsraelIsATerrorist #GazaGenocide",,https://twitter.com/hamidashraf1/status/1725149522743918949,False,,9,15,1.2K
TopPost,#israel,https://twitter.com/search?q=#israel&src=typed_query&f=top,https://twitter.com/bdnews24/status/1725108382850244967,Bangladesh News 24Reload,https://twitter.com/bdnews24,2023-11-16,?????????? ???? ????????????????: ????-?????????????? ??????????????#Israel #Gaza #IsraelHamasWar,,https://twitter.com/bdnews24/status/1725108382850244967,False,10,58,67,69K
TopPost,#israel,https://twitter.com/search?q=#israel&src=typed_query&f=top,https://twitter.com/msfreund/status/1724841576986263800,Michael FreundReload,https://twitter.com/msfreund,2023-11-15,Meet Turkish President Erdogan. His country is a #NATO member but that doesn’t stop him from cozying up to #Iran and other enemies of #America. Or from openly threatening #Israel with destruction as he did today. Turkey should be suspended from NATO immediately!,,https://twitter.com/msfreund/status/1724841576986263800,False,64,56,126,18K
TopPost,#israel,https://twitter.com/search?q=#israel&src=typed_query&f=top,https://twitter.com/imu07280300033/status/1725166436258054278,imran aliReloadQuds News Network,https://twitter.com/imu07280300033,2023-11-16,"The representative for the State of Palestine replying to @USAmbUN:""The United States does not get to pretend that it stands with Palestinian civilians of #Gaza...until you stop sending arms to #Israel to commit genocide.""#AlShifaHospital #US",,https://twitter.com/imu07280300033/status/1725166436258054278,False,4,33,50,7.2K
TopPost,#israel,https://twitter.com/search?q=#israel&src=typed_query&f=top,https://twitter.com/djazair62/status/1725095930574094703,chahdReload,https://twitter.com/djazair62,2023-11-16,Canada indeginous people showing solidarity with palestine    #PalestineGenocide #Ghazagenocide #IsraelIsATerrorist #Israel #AJAPSG #JeudiPhoto #LasVegasGP #MissUniverse2023 #???????????,,https://twitter.com/djazair62/status/1725095930574094703,False,11,60,238,20K
TopPost,#israel,https://twitter.com/search?q=#israel&src=typed_query&f=top,https://twitter.com/IslaamWins/status/1725287266354860355,IslaamAlwaysWinsReload,https://twitter.com/IslaamWins,2023-11-16,Zionists & madkhali dayyooth are bedfellows.The most barbaric kuffaar are yet again showing their love & support to the madkhali 'salafi' rulers of Faaris Himaari & Shamsi.The genocide apologist says all the Arab rulers want peace with #Israel & they want Hamas dead.#Gaza,,https://twitter.com/IslaamWins/status/1725287266354860355,False,7,15,30,3.4K
TopPost,#israel,https://twitter.com/search?q=#israel&src=typed_query&f=top,https://twitter.com/SALHACHIMI/status/1725159572933841097,Sami Hamdi ???? ??????? ???????Anadolu English,https://twitter.com/SALHACHIMI,2023-11-16,#Israel trying to build tunnels after finding none... CNN reporters on standby to 'report' the 'discovery'.,https://pbs.twimg.com/media/F_D4CP0WwAAydE8?format=jpg&name=small,https://twitter.com/SALHACHIMI/status/1725159572933841097,False,29,978,1.4K,42K
TopPost,#israel,https://twitter.com/search?q=#israel&src=typed_query&f=top,https://twitter.com/Vinod_r108/status/1725407353422643406,..Rai ji..,https://twitter.com/Vinod_r108,2023-11-17,Every Hindu supporting Our Brother Israel... we are with you.I strongly Stand With Israel #Israel,https://pbs.twimg.com/media/F_Hg1ubbYAABhHn?format=jpg&name=small,https://twitter.com/Vinod_r108/status/1725407353422643406,False,22,2,25,2K
TopPost,#israel,https://twitter.com/search?q=#israel&src=typed_query&f=top,https://twitter.com/msfreund/status/1725222944454963263,Michael Freund,https://twitter.com/msfreund,2023-11-16,"Unlike most of the mainstream media, the @nypost tells it like it is about #Hamas….#Israel #Gaza",https://pbs.twimg.com/media/F_E5H35X0AABTx8?format=jpg&name=small,https://twitter.com/msfreund/status/1725222944454963263,False,2,18,39,1K
TopPost,#israel,https://twitter.com/search?q=#israel&src=typed_query&f=top,https://twitter.com/PM_ViktorOrban/status/1724885587105091846,Orbán Viktor,https://twitter.com/PM_ViktorOrban,,"Today, the beautiful Pancho Arena in my hometown, Felcsút is home to the #EURO2024 qualifier between #Israel and #Switzerland. Over 10 years ago, we introduced a policy of zero-tolerance towards anti-Semitism. Today, Hungary is the safest country in Europe for the Jewish…",https://pbs.twimg.com/media/F_AFkiiXgAArDYY?format=jpg&name=360x360;https://pbs.twimg.com/media/F_AFkhCXAAAFq8g?format=jpg&name=360x360,https://twitter.com/PM_ViktorOrban/status/1724885587105091846,False,297,825,3.9K,195K
TopPost,#israel,https://twitter.com/search?q=#israel&src=typed_query&f=top,https://twitter.com/mhmdala96631986/status/1725425019704991882,?. ????Reload,https://twitter.com/mhmdala96631986,2023-11-17,The European people's awareness and knowledge of the Palestinian issue amounts to resistance against Israel and America#Palestine_Our_Cause#Gaza_under_attack #???_???? #Gazagenocide  #FreeGaza #TheRealImage #IsraeliWarCrimes #IsrealPalestineconflict #Israel,,https://twitter.com/mhmdala96631986/status/1725425019704991882,False,,6,6,331
TopPost,#israel,https://twitter.com/search?q=#israel&src=typed_query&f=top,https://twitter.com/ASE/status/1725121325084148176,AHMED | ????,https://twitter.com/ASE,2023-11-16,#Germany’s Bundestag will discuss Friday a draft law that would make “commitment to #Israel’s right to exist” a requirement for citizenship.  The state that recently ethnically cleansed an entire people based on their identity will make it law to be committed to protecting a…,https://pbs.twimg.com/media/F_DcswcXgAAUSeY?format=jpg&name=small,https://twitter.com/ASE/status/1725121325084148176,False,49,505,617,324K
TopPost,#israel,https://twitter.com/search?q=#israel&src=typed_query&f=top,https://twitter.com/ricwe123/status/1725191323311866184,RichardReload,https://twitter.com/ricwe123,2023-11-16,"When Western bullshit politicians talk about human rights, free speech and disinformation, just remind them about Julian Assange and how much they hate the truth........#Gaza #Israel #Palestine",,https://twitter.com/ricwe123/status/1725191323311866184,False,9,78,177,5.6K
TopPost,#israel,https://twitter.com/search?q=#israel&src=typed_query&f=top,https://twitter.com/BabakTaghvaee1/status/1725434751920611386,Babak Taghvaee - The Crisis WatchReload,https://twitter.com/BabakTaghvaee1,2023-11-17,"Unfortunately last night terrorists of Palestinian Islamic Jihad organization destroyed a Caterpillar D9 armoured bulldozer of #Israel Defense Force at #Tulkarem, West Bank. They murdered its driver.",,https://twitter.com/BabakTaghvaee1/status/1725434751920611386,False,1,5,9,986
TopPost,#israel,https://twitter.com/search?q=#israel&src=typed_query&f=top,https://twitter.com/MarkGriffin59/status/1725228463949250963,Mark Griffin (grumpy/old/git) Imtiaz Mahmood,https://twitter.com/MarkGriffin59,2023-11-16,I support the @IDF in this retribution. #Israel,https://pbs.twimg.com/media/F_EMp4PWYAA7s3b?format=jpg&name=small,https://twitter.com/MarkGriffin59/status/1725228463949250963,False,1,3,10,234
TopPost,#israel,https://twitter.com/search?q=#israel&src=typed_query&f=top,https://twitter.com/red_salute/status/1725413646266671472,red_saluteReload,https://twitter.com/red_salute,2023-11-17,FROM THESSALONIKI TO PALESTINEKKE AND THE PEOPLE OF THESSALONIKI SEND THEIR MESSAGE :FREE PALESTINE#FreePalestine #Palestine #Israel,,https://twitter.com/red_salute/status/1725413646266671472,False,3,15,30,769
TopPost,#israel,https://twitter.com/search?q=#israel&src=typed_query&f=top,https://twitter.com/MariosKaratzias/status/1724909242698633412,Marios KaratziasAbdullah BozkurtReload,https://twitter.com/MariosKaratzias,2023-11-15,"Hey #IsraelBeware of Islamists in suits Erdogan is threatening your existenceIslamist Turkey is no different than the mullahs of Iran Turkey's President Erdogan said #today that #Israel's downfall is imminent, regardless of its nuclear weaponsThe Israeli…",,https://twitter.com/MariosKaratzias/status/1724909242698633412,False,10,28,54,7.1K
TopPost,#israel,https://twitter.com/search?q=#israel&src=typed_query&f=top,https://twitter.com/DaveDavos2/status/1725107482639655147,Dave DavosEDARDNA387 Reload,https://twitter.com/DaveDavos2,2023-11-16,"Just brilliant, this woman lives in Israel but celebrated Hamas' attacks on social media.Accordingly, she's got what she wanted & is now being deported to Gaza to be with her Hamas buddies who will probably use her as a human shield.So how did she take the good news?#Israel",,https://twitter.com/DaveDavos2/status/1725107482639655147,False,10,11,56,1.6K
TopPost,#israel,https://twitter.com/search?q=#israel&src=typed_query&f=top,https://twitter.com/DavidHarrisNY/status/1725185172776141129,David Harris,https://twitter.com/DavidHarrisNY,2023-11-16,"As #Israel defends itself after worst single attack on Jews since the #Holocaust, 5 nations have shamefully withdrawn ambassadors:TURKEYSOUTH AFRICACOLOMBIACHILEBOLIVIANever forget these 5.Never forget their moral inversion.Never forget their decision to side w/ evil.",https://pbs.twimg.com/media/F_EWxY9XwAIrXs1?format=jpg&name=240x240,https://twitter.com/DavidHarrisNY/status/1725185172776141129,False,82,146,462,18K
TopPost,#israel,https://twitter.com/search?q=#israel&src=typed_query&f=top,https://twitter.com/mhmdala96631986/status/1725427429248786452,?. ????Reload,https://twitter.com/mhmdala96631986,2023-11-17,An Israeli admitted to genocide on CNN#Palestine_Our_Cause#Gaza_under_attack #???_???? #Gazagenocide  #FreeGaza #TheRealImage #IsraeliWarCrimes #IsrealPalestineconflict #Israel@sarasidnerCNN,,https://twitter.com/mhmdala96631986/status/1725427429248786452,False,,7,5,306
TopPost,#israel,https://twitter.com/search?q=#israel&src=typed_query&f=top,https://twitter.com/msbnouni/status/1725241744332058793,Mohamed SalahReload,https://twitter.com/msbnouni,2023-11-16,Illegal jewish settlers from all over the world are using abusing laws set by the israeli government to fulfill their own economic agendas.They’re offered citizenship and homes to come back to Israel to forcibly remove Palestinians from their land.#Gaza#Israel#BinLaden,,https://twitter.com/msbnouni/status/1725241744332058793,False,,13,17,2.3K
TopPost,#israel,https://twitter.com/search?q=#israel&src=typed_query&f=top,https://twitter.com/HwsHbsws/status/1725408734560538848,??????????Reload,https://twitter.com/HwsHbsws,2023-11-17,"So true, the hypocrisy in the world was exposed when all the terrorists became these Palestinian lovers who tomorrow will kill every Christian or non-Muslim in Europe or the USA#Palestine #HamasTerrorist #HamasisISIS #USA #Europe #Vatican #Israel",,https://twitter.com/HwsHbsws/status/1725408734560538848,False,2,2,4,420
TopPost,#israel,https://twitter.com/search?q=#israel&src=typed_query&f=top,https://twitter.com/1n5p3c/status/1725102781793517825,Moroccan Free Voice Reload,https://twitter.com/1n5p3c,2023-11-16,A Spanish citizen living in Egypt mocking the Israeli occupation forces' spokesman #AlShifaHospital #Gaza #Israel #Gaza_War #IsraelIsATerrorist #IsraeliTerrorists #IsraelIsATerrorist#???_????? #???_???? #???_?????_???????? #??????_?????? #???_????? #????????_?????,,https://twitter.com/1n5p3c/status/1725102781793517825,False,,32,66,7K
TopPost,#israel,https://twitter.com/search?q=#israel&src=typed_query&f=top,https://twitter.com/SamarDJarrah/status/1724847787072782510,Samar D JarrahReload,https://twitter.com/SamarDJarrah,2023-11-15,The truth about #Israel comes out no matter how idiotic a journalist can be,,https://twitter.com/SamarDJarrah/status/1724847787072782510,False,50,918,1.1K,49K
TopPost,#israel,https://twitter.com/search?q=#israel&src=typed_query&f=top,https://twitter.com/StandWithUs/status/1725156014276661340,StandWithUsReload,https://twitter.com/StandWithUs,2023-11-16,"""I stand here as a Latina immigrant and proud American to represent all those who know oppression.""WATCH: Dr. @mijalbitton of the Shalom Hartman Institute's speech at the November 14 #Israel rally in DC:",,https://twitter.com/StandWithUs/status/1725156014276661340,False,16,109,387,9.3K
TopPost,#israel,https://twitter.com/search?q=#israel&src=typed_query&f=top,https://twitter.com/KyivPost/status/1725433653478453546,KyivPost,https://twitter.com/KyivPost,2023-11-17,"Supplies of crucial 155-millimeter artillery shells to Ukraine have decreased since the beginning of the war between #Israel and #Hamas, Ukrainian President #Zelensky said in an interview with Le Monde.",https://pbs.twimg.com/media/F_H4w0RXsAAek4Q?format=jpg&name=small,https://twitter.com/KyivPost/status/1725433653478453546,False,5,22,47,3.2K
TopPost,#israel,https://twitter.com/search?q=#israel&src=typed_query&f=top,https://twitter.com/ejmalrai/status/1725213290639274277,Elijah J. Magnier,https://twitter.com/ejmalrai,2023-11-16,Arab countries said they would enforce an immediate ceasefire in #Gaza and break the siege imposed by #Israel. That was six days ago. Could they have forgotten?,,https://twitter.com/ejmalrai/status/1725213290639274277,False,37,208,612,17K
